c/n,f/f,testreg,regi,operator,d/d,type,St
001,14.06.13,F-WWXB,F-WWXB,Airbus Industrie,,350-900,C
002,26.02.14,F-WWCF,F-WWCF,Airbus Industrie,,350-941,C
003,14.10.13,F-WZGG,F-WWZG,Airbus Industrie,,350-941,STD
004,26.02.14,F-WZNW,F-WZNW,Airbus Industrie,,350-941,STD
005,20.06.14,F-WWYB,F-WWYB,Airbus Industrie,,350-941,
,,,F-HREU,French Blue,30.06.17,,
,,,,French Bee nn,29.01.18,,C
006,15.10.14,F-WZFA,A7-ALA,Qatar AW,18.12.14,350-941,C
007,21.01.15,F-WZFB,A7-ALB,Qatar AW,04.03.15,350-941,C
008,09.07.15,F-WZFC,A7-ALE,Qatar AW,30.10.15,350-941,C
009,27.03.15,F-WZFD,A7-ALC,Qatar AW,07.05.15,350-941,C
010,11.05.15,F-WZFE,A7-ALD,Qatar AW,14.06.15,350-941,C
011,28.08.15,F-WZFF,A7-ALF,Qatar AW,29.10.15,350-941,C
012,05.02.16,F-WZFG,A7-ALH,Qatar AW,07.03.16,350-941,C
013,08.10.15,F-WZFH,A7-ALG,Qatar AW,20.11.15,350-941,C
014,01.06.15,F-WZFI,VN-A886,Vietnam AL lsd,30.06.15,350-941,C
015,31.07.15,F-WZFJ,VN-A887,Vietnam AL lsd,18.09.15,350-941,C
016,10.09.15,F-WZFK,VN-A888,Vietnam AL lsd,19.10.15,350-941,C
017,30.10.15,F-WZFL,VN-A889,Vietnam AL lsd,01.12.15,350-941,C
018,16.09.15,F-WZFM,OH-LWA,Finnair,06.10.15,350-941,C
019,22.10.15,F-WZFN,OH-LWB,Finnair,14.12.15,350-941,C
020,07.11.15,F-WZFO,OH-LWC,Finnair,30.12.15,350-941,C
021,14.03.16,F-WZFP,A7-ALI,Qatar AW,01.07.16,350-941,C
022,04.12.15,F-WZFQ,OH-LWD,Finnair,25.03.16,350-941,C
023,07.01.16,F-WZFR,OH-LWE,Finnair,29.04.16,350-941,C
024,01.12.15,F-WZFS,PR-XTA,TAM,16.12.15,350-941,
,,N8936W,,,,,STD
025,06.05.16,F-WZFT,A7-ALJ,Qatar AW,01.08.16,350-941,C
026,02.02.16,F-WZFU,9V-SMA,Singapore AL,26.02.16,350-941,C
027,10.02.16,F-WZFV,PR-XTB,TAM,17.03.16,350-941,
,,N982DJ,,,,,STD
028,13.04.16,F-WZFW,OH-LWF,Finnair,24.06.16,350-941,C
029,24.03.16,F-WZFX,B-LRA,Cathay Pacific,27.05.16,350-941,C
030,02.04.16,F-WZFY,9V-SMB,Singapore AL,19.04.16,350-941,C
031,27.04.16,F-WZFZ,9V-SMC,Singapore AL,27.05.16,350-941,C
032,04.08.16,F-WZGA,B-LRB,Cathay Pacific,24.08.16,350-941,C
033,30.05.16,F-WZGB,A7-ALK,Qatar AW,22.09.16,350-941,C
034,08.06.16,F-WZGC,B-LRC,Cathay Pacific,15.07.16,350-941,C
035,27.04.16,F-WZGD,PR-XTC,TAM,18.05.16,350-941,
,,,,LATAM nn,16,,
,,N285BN,,,,,STD
036,07.09.16,F-WZGE,A7-ALL,Qatar AW,01.11.16,350-941,C
037,03.06.16,F-WZGF,9V-SMD,Singapore AL,30.06.16,350-941,C
038,05.09.16,F-WZGK,B-LRD,Cathay Pacific,23.09.16,350-941,C
039,25.07.16,F-WZGL,B-LRE,Cathay Pacific,11.08.16,350-941,C
040,08.06.16,F-WZGM,ET-ATQ,Ethiopian AL,28.06.16,350-941,C
041,06.07.16,F-WZGN,9V-SME,Singapore AL,27.07.16,350-941,C
042,18.10.16,F-WZGO,A7-ALM,Qatar AW,20.12.16,350-941,C
043,01.08.16,F-WZGP,ET-ATR,Ethiopian AL,15.08.16,350-941,C
044,22.07.16,F-WZGQ,HS-THB,Thai AW International,29.08.16,350-941,C
045,05.08.16,F-WZGR,PR-XTD,LATAM,30.08.16,350-941,
,,,A7-AMD,Qatar AW lsd,05.17,,
,,,PR-XTD,LATAM ret,07.12.17,,
,,N286BN,,,,,STD
046,30.09.16,F-WZGS,B-LRF,Cathay Pacific,20.10.16,350-941,C
047,13.01.17,F-WZGT,A7-ALN,Qatar AW,27.02.17,350-941,C
048,06.09.16,F-WZGU,PR-XTE,LATAM,30.09.16,350-941,
,,,A7-AMC,Qatar AW lsd,20.04.17,,
,,,PR-XTE,LATAM ret,24.11.17,,
,,,N570DZ,Delta AL,20.09.21,,STD
049,14.09.16,F-WZGV,B-18901,China AL,30.09.16,350-941,C
050,15.09.16,F-WZGW,HS-THC,Thai AW International,11.10.16,350-941,C
051,07.09.16,F-WZGX,OH-LWG,Finnair,29.09.16,350-941,C
052,26.10.16,F-WZFA,B-304U,Sichuan AL,26.10.18,350-941,C
053,28.10.16,F-WZFB,B-LRG,Cathay Pacific,02.12.16,350-941,C
054,26.09.16,F-WZFD,9V-SMF,Singapore AL,14.10.16,350-941,C
055,01.12.16,F-WZFI,B-304V,Sichuan AL,20.11.18,350-941,C
056,05.10.16,F-WZFC,VN-A890,Vietnam AL,29.10.16,350-941,C
057,27.10.16,F-WZFF,B-18902,China AL,21.11.16,350-941,C
058,18.10.16,F-WZFH,B-LRI,Cathay Pacific,18.11.16,350-941,C
059,24.11.16,,F-WMIL,Airbus -1000 proto,,350-1041,C
060,27.10.17,F-WZFK,B-301D,Sichuan AL,08.08.18,350-941,C
061,09.11.16,F-WZFL,B-LRJ,Cathay Pacific,09.12.16,350-941,C
062,17.11.16,F-WZFM,9V-SMG,Singapore AL,07.12.16,350-941,C
063,25.08.17,F-WZFJ,A7-ALO,Qatar AW,25.10.17,350-941,C
064,17.10.16,F-WZFN,PR-XTF,LATAM,16.11.16,350-941,
,,,A7-AMB,Qatar AW lsd,20.03.17,,
,,,PR-XTF,LATAM ret,07.20,,
,,,N571DZ,Delta AL,r09.07.21,,STD
065,07.02.17,,F-WLXV,Airbus 2nd -1000,,350-1041,
,,,F-HMIL,Air Caraibes,02.12.19,,C
066,01.12.16,F-WZFO,B-18903,China AL,22.12.16,350-941,C
067,13.12.16,F-WZFS,VN-A891,Vietnam AL,28.12.16,350-941,C
068,18.11.16,F-WZGY,9V-SMH,Singapore AL,09.12.16,350-941,C
069,06.04.17,F-WZGZ,A7-ALP,Qatar AW,23.05.17,350-941,C
070,13.01.17,F-WWTJ,B-LRK,Cathay Pacific,01.02.17,350-941,C
071,10.01.17,,F-WWXL,Airbus 3rd -1000,,350-1041,
,,,G-VDOT,Virgin Atlantic AW,04.09.20,,C
072,17.02.17,F-WZNA,B-LRL,Cathay Pacific,13.03.17,350-941,C
073,14.12.16,F-WZNB,B-18905,China AL,30.12.16,350-941,C
074,29.11.16,F-WZNC,D-AIXA,Lufthansa,19.12.16,350-941,C
075,11.12.16,F-WZND,B-LRM,Cathay Pacific,30.12.16,350-941,C
076,17.05.17,F-WZNE,A7-ALQ,Qatar AW,10.10.17,350-941,C
077,02.12.16,F-WZNF,9V-SMI,Singapore AL,21.12.16,350-941,C
078,05.09.17,F-WZNG,A7-ALR,Qatar AW,18.12.17,350-941,C
079,29.11.16,F-WZNI,PR-XTG,LATAM,19.12.16,350-941,
,,,A7-AMA,Qatar AW lsd,21.02.17,,
,,N287BN,,,,,STD
080,27.01.17,F-WZNJ,D-AIXB,Lufthansa,22.02.17,350-941,C
081,15.12.16,F-WZNK,9V-SMJ,Singapore AL,30.12.16,350-941,C
082,08.02.17,F-WZNL,F-HHAV,Air Caraibes,27.02.17,350-941,C
083,08.06.17,F-WZNM,A7-ALS,Qatar AW,10.10.17,350-941,C
084,06.02.17,F-WZNN,9V-SMK,Singapore AL,24.02.17,350-941,C
085,06.03.17,F-WZNO,B-LRN,Cathay Pacific,30.03.17,350-941,C
086,21.02.17,F-WZNP,VN-A892,Vietnam AL,15.03.17,350-941,C
087,13.03.17,F-WZNQ,D-AIXC,Lufthansa,30.03.17,350-941,C
088,07.12.17,F-WZNR,A7-ANA,Qatar AW,16.02.18,350-1041,C
089,16.01.17,F-WZNS,ET-ATY,Ethiopian AL,31.01.17,350-941,C
090,19.10.17,F-WZNT,A7-ALT,Qatar AW,24.11.17,350-941,C
091,09.03.17,F-WZNU,F-HNET,Air Caraibes,27.03.17,350-941,C
092,23.02.17,F-WZNV,B-18906,China AL,20.03.17,350-941,C
093,12.04.17,F-WZNX,B-LRO,Cathay Pacific,11.05.17,350-941,C
094,28.03.17,F-WZNY,HL8078,Asiana AL,24.04.17,350-941,C
095,28.03.17,F-WZNZ,HS-THD,Thai AW International,21.04.17,350-941,C
096,16.03.17,F-WZFG,9V-SML,Singapore AL,31.03.17,350-941,C
097,11.03.17,F-WZFQ,OH-LWH,Finnair,03.04.17,350-941,C
098,03.09.18,F-WZFR,B-1069,Hainan AL,28.09.18,350-941,C
099,12.04.17,F-WZFU,9V-SMM,Singapore AL,05.05.17,350-941,C
100,13.03.18,F-WZFV,A7-ALU,Qatar AW,24.04.18,350-941,C
101,05.05.17,F-WZFX,B-LRP,Cathay Pacific,01.06.17,350-941,C
102,18.05.18,F-WZFY,A7-ANB,Qatar AW,30.06.18,350-1041,C
103,10.04.17,F-WZFZ,ET-AUA,Ethiopian AL,28.04.17,350-941,C
104,11.05.17,F-WZFW,OH-LWI,Finnair,02.06.17,350-941,C
105,03.05.17,F-WZFP,B-18907,China AL,24.05.17,350-941,C
106,13.04.18,F-WZFT,A7-ALV,Qatar AW,29.05.18,350-941,C
107,10.04.17,F-WZGC,9V-SMN,Singapore AL,19.05.17,350-941,C
108,,F-WZGD,,American AL,,350-941,
109,18.04.17,F-WZGF,B-LRQ,Cathay Pacific,14.06.17,350-941,C
110,31.07.18,F-WZGM,A7-ANC,Qatar AW,10.09.18,350-1041,C
111,28.04.17,F-WZGA,HS-THE,Thai AW International,16.06.17,350-941,C
112,21.09.18,F-WZGQ,B-1070,Hainan AL,16.10.18,350-941,C
113,09.06.17,F-WZGL,OH-LWK,Finnair,30.06.17,350-941,C
114,16.05.18,F-WZGN,A7-ALW,Qatar AW,20.06.18,350-941,C
115,24.05.17,F-WZGP,N501DN,Delta AL,12.07.17,350-941,C
116,22.05.17,F-WZGR,9V-SMO,Singapore AL,16.06.17,350-941,C
117,29.06.17,F-WZGX,HL8079,Asiana AL,19.07.17,350-941,C
118,03.05.18,F-WZGV,B-LXA,Cathay Pacific,15.06.18,350-1041,C
119,13.06.17,F-WZGW,B-LRR,Cathay Pacific,05.07.17,350-941,C
120,08.06.17,F-WZFD,ET-AUB,Ethiopian AL,26.06.17,350-941,C
121,30.06.17,F-WZGS,B-18908,China AL,25.07.17,350-941,C
122,14.06.17,F-WZFC,9V-SMP,Singapore AL,21.07.17,350-941,C
123,22.06.17,F-WZGB,HS-THF,Thai AW International,13.07.17,350-941,C
124,10.08.17,F-WZGE,B-LGA,Hong Kong AL,31.08.17,350-941,
,,"F-WXAL, F-WTAK",PR-AOW,Azul L.A.,due22,,STD
125,27.08.18,F-WZGK,A7-AND,Qatar AW,28.09.18,350-1041,C
126,14.06.18,F-WZGU,A7-ALX,Qatar AW,13.07.18,350-941,C
127,10.07.17,F-WZFN,D-AIXD,Lufthansa,15.08.17,350-941,C
128,28.06.17,F-WZFH,B-LRS,Cathay Pacific,29.08.17,350-941,C
129,19.07.17,F-WZFF,VN-A893,Vietnam AL,18.08.17,350-941,C
130,07.07.17,F-WZFB,HS-THG,Thai AW International,01.09.17,350-941,C
131,,,,American AL,,350-941,
132,24.11.17,F-WZFL,A7-ALY,Qatar AW,29.12.17,350-941,C
133,17.07.17,F-WZGO,9V-SMQ,Singapore AL,08.09.17,350-941,C
134,23.08.17,F-WZGY,OH-LWL,Finnair,22.09.17,350-941,C
135,20.07.17,F-WZNC,N502DN,Delta AL,10.08.17,350-941,C
136,28.07.17,F-WZNI,D-AIXE,Lufthansa,30.08.17,350-941,C
137,08.09.17,F-WZNF,B-LRT,Cathay Pacific,29.09.17,350-941,C
138,27.07.17,F-WZNS,B-18909,China AL,14.09.17,350-941,C
139,,,,LATAM,,350-941,
140,07.09.17,F-WZND,9V-SMR,Singapore AL,29.09.17,350-941,C
141,01.10.18,F-WZNK,A7-ANE,Qatar AW,15.11.18,350-1041,C
142,12.08.17,F-WZNS,HS-THH,Thai AW International,22.09.17,350-941,C
143,16.03.18,F-WZFO,A7-ALZ,Qatar AW,18.04.18,350-941,C
144,05.09.17,F-WZNJ,HL7578,Asiana AL,26.09.17,350-941,C
145,22.09.17,F-WZNN,3B-NBP,Air Mauritius,18.10.17,350-941,C
146,24.10.17,F-WZNY,D-AIXF,Lufthansa,16.11.17,350-941,C
147,03.10.17,F-WZNL,ET-AUC,Ethiopian AL,20.10.17,350-941,C
148,06.09.17,F-WZGT,B-LRU,Cathay Pacific,26.10.17,350-941,C
149,27.09.17,F-WZNA,N503DN,Delta AL,31.10.17,350-941,C
150,06.10.17,F-WZNP,VN-A894,Vietnam AL,03.11.17,350-941,C
151,03.10.17,F-WZNV,B-18910,China AL,07.11.17,350-941,C
152,,,,LATAM,,350-941,
153,04.10.17,F-WZNU,B-LGB,Hong Kong AL,20.11.17,350-941,
,,F-WXAM,PR-AOX,Azul L.A.,due22,,STD
154,10.10.17,F-WZNQ,B-LRV,Cathay Pacific,30.10.17,350-941,C
155,09.11.17,F-WZNO,B-LRX,Cathay Pacific,08.12.17,350-941,C
156,,,,American AL,,350-941,
157,31.10.17,F-WZFQ,3B-NBQ,Air Mauritius,23.11.17,350-941,C
158,20.10.17,F-WZNZ,9V-SMS,Singapore AL,30.11.17,350-941,C
159,09.11.17,F-WZFG,9M-MAB,Malaysia AL,29.11.17,350-941,C
160,11.11.17,F-WZFZ,N504DN,Delta AL,28.11.17,350-941,C
161,13.11.18,F-WWBW,A7-ANF,Qatar AW,18.12.18,350-1041,C
162,13.11.17,F-WZHC,B-18912,China AL,30.11.17,350-941,C
163,19.07.18,F-WZGF,A7-AME,Qatar AW,10.09.18,350-941,C
164,07.11.17,F-WZHD,N505DN,Delta AL,11.12.17,350-941,C
165,30.11.17,F-WZHE,9M-MAC,Malaysia AL,22.12.17,350-941,C
166,,,,American AL,,350-941,
167,31.05.18,F-WZHG,B-1086,Air China,08.08.18,350-941,C
168,23.10.17,F-WZHF,B-LGC,Hong Kong AL,29.11.17,350-941,
,,"F-WXAN, F-WTAO",PR-AOY,Azul L.A.,27.09.22,,C
169,01.08.18,F-WZGW,B-LXB,Cathay Pacific,30.08.18,350-1041,C
170,06.12.17,F-WZHH,9V-SMT,Singapore AL,22.12.17,350-941,C
171,,,,SriLankan AL,,350-941,
172,23.08.18,F-WWDW,A7-AMF,Qatar AW,28.09.18,350-941,C
173,09.12.17,F-WZHK,VN-A895,Vietnam AL,29.12.17,350-941,C
174,21.12.17,F-WZHI,D-AIXG,Lufthansa,24.01.18,350-941,C
175,06.12.17,F-WZHJ,N506DN,Delta AL,21.12.17,350-941,C
176,06.12.17,F-WZFU,HL7579,Asiana AL,27.12.17,350-941,C
177,08.01.18,F-WZGC,HS-THJ,Thai AW International,26.01.18,350-941,C
178,02.07.18,F-WZGZ,B-1085,Air China,29.08.18,350-941,C
179,20.12.17,F-WZNX,B-18913,China AL,23.01.18,350-941,C
180,09.01.18,F-WZFX,ET-AVB,Ethiopian AL,06.02.18,350-941,C
181,10.01.18,F-WZFP,HS-THK,Thai AW International,31.01.18,350-941,C
182,05.01.18,F-WZFW,N507DN,Delta AL,20.02.18,350-941,C
183,23.01.18,F-WZGA,9M-MAD,Malaysia AL,12.02.18,350-941,C
184,19.01.18,F-WZGR,D-AIXH,Lufthansa,13.02.18,350-941,C
185,29.01.18,F-WWIW,HS-THL,Thai AW International,21.02.18,350-941,C
186,22.01.18,F-WWTW,9V-SMU,Singapore AL,09.02.18,350-941,C
187,01.02.18,F-WWAW,B-LGD,Hong Kong AL,27.02.18,350-941,
,,F-WXAO,PR-AOZ,Azul L.A.,due22,,STD
188,15.06.18,F-WZGS,B-LXC,Cathay Pacific,18.07.18,350-1041,C
189,02.02.18,F-WZFD,HS-THM,Thai AW International,14.03.18,350-941,C
190,07.02.18,F-WZGL,N508DN,Delta AL,05.03.18,350-941,C
191,09.02.18,F-WZGP,B-18916,China AL,08.03.18,350-941,C
192,14.02.18,F-WZGB,VN-A896,Vietnam AL,26.03.18,350-941,C
193,16.02.18,F-WZGX,F-HREV,French Bee,23.03.18,350-941,C
194,,,,United AL,,350-1041,
195,28.02.18,F-WZFC,9M-MAE,Malaysia AL,06.04.18,350-941,C
196,12.02.18,F-WZNC,ET-AVC,Ethiopian AL,20.04.18,350-941,C
197,07.03.18,F-WZFN,VN-A897,Vietnam AL,12.04.18,350-941,C
198,19.02.18,F-WZFF,HL7771,Asiana AL,10.04.18,350-941,C
199,14.03.18,F-WZFH,N509DN,Delta AL,11.04.18,350-941,C
200,22.03.18,F-WZFB,PR-XTH,LATAM AL,30.04.18,350-941,
,,F-WJKI,N572DZ,Delta AL,12.10.21,,C
201,06.03.18,F-WZGE,HS-THN,Thai AW International,03.05.18,350-941,C
202,11.04.18,F-WZGO,D-AIXI,Lufthansa,03.05.18,350-941,C
203,03.04.18,F-WZFS,9M-MAF,Malaysia AL,03.05.18,350-941,C
204,25.04.18,F-WZNS,N510DN,Delta AL,24.05.18,350-941,C
205,21.03.18,F-WZGY,ET-AVD,Ethiopian AL,18.05.18,350-941,C
206,06.09.18,F-WZNI,B-LXD,Cathay Pacific,01.10.18,350-1041,C
207,21.09.18,F-WZNJ,A7-AMG,Qatar AW,26.10.18,350-941,C
208,06.04.18,F-WZNF,B-18917,China AL,12.06.18,350-941,C
209,30.04.18,F-WZND,D-AIXJ,Lufthansa,30.05.18,350-941,C
210,14.05.18,F-WZNE,N511DN,Delta AL,13.06.18,350-941,C
211,04.12.18,F-WZNM,A7-AMH,Qatar AW,25.01.19,350-941,C
212,19.04.18,F-WZNN,D-AIXK,Lufthansa,19.06.18,350-941,C
213,29.05.18,F-WZGT,9M-MAG,Malaysia AL,11.07.18,350-941,C
214,31.01.19,F-WZNQ,A7-AMI,Qatar AW,19.03.19,350-941,C
215,05.02.19,F-WZNV,A7-ANG,Qatar AW,01.03.19,350-1041,C
216,23.04.18,F-WZNY,9V-SGE,Singapore AL,14.11.18,350-941,C
217,30.05.18,F-WZNU,B-1083,Air China,18.09.18,350-941,C
218,11.06.18,F-WZNQ,HL8308,Asiana AL,03.07.18,350-941,C
219,29.05.18,F-WZNP,EC-MXV,Iberia,26.06.18,350-941,C
220,05.07.18,F-WZFZ,9V-SGA,Singapore AL,21.09.18,350-941,C
221,07.06.18,F-WZNA,RP-C3501,Philippine AL,28.06.18,350-941,C
222,,,,United AL,,350-1041,
223,16.08.18,F-WZHE,9V-SGB,Singapore AL,28.09.18,350-941,C
224,20.02.19,F-WZNT,HL8359,Asiana AL,29.03.19,350-941,C
225,09.10.18,F-WZNL,B-LXE,Cathay Pacific,30.10.18,350-1041,C
226,17.07.18,F-WZFG,,LATAM AL (ntu),28.09.18,350-941,
,,,B-304Z,Hainan AL,24.01.19,,
,,,ZS-SDC,South African AW lsd,31.10.19,,
,,OE-IPK,,,,,STD
227,17.07.18,F-WZHC,EC-MYX,Iberia,27.07.18,350-941,C
228,11.07.18,F-WZNZ,RP-C3503,Philippine AL,30.07.18,350-941,
,,EI-GWZ,D-AIVA,Lufthansa lsd,20.04.22,,C
229,06.03.19,F-WZNG,A7-ANH,Qatar AW,07.05.19,350-1041,C
230,01.08.18,F-WZHI,9V-SGC,Singapore AL,05.10.18,350-941,C
231.0,29.06.18,F-WZNO,B-1082,Air China lsd,19.12.18,350-941,C
232.0,10.10.18,F-WZNR,9V-SGD,Singapore AL,25.10.18,350-941,C
233.0,25.10.18,F-WZHF,B-LXF,Cathay Pacific,20.11.18,350-1041,C
234.0,20.02.19,F-WZFJ,HL8360,Asiana AL,16.04.19,350-941,C
235.0,24.07.18,F-WZHJ,B-LGE,Hong Kong AL,31.08.18,350-941,STD
236.0,31.07.18,F-WZHH,RP-C3504,Philippine AL,17.09.18,350-941,
,,,D-AIVB,Lufthansa lsd,08.06.22,,C
237.0,01.04.19,F-WZHD,A7-AMJ,Qatar AW,06.05.19,350-941,C
238.0,05.11.18,F-WZGP,9V-SGF,Singapore AL,21.11.18,350-941,C
239.0,09.08.18,F-WZFU,B-18918,China AL,22.10.18,350-941,C
240.0,05.09.18,F-WZHK,B-1081,Air China,17.10.18,350-941,C
241.0,23.04.19,F-WZGC,A7-ANI,Qatar AW,05.06.19,350-1041,C
242.0,,,,Aeroflot,,350-941,
243.0,11.09.18,F-WZFP,RP-C3506,Philippine AL,09.10.18,350-941,
,,D-AAEU,D-AIVC,Lufthansa lsd,10.03.22,,C
244.0,22.11.18,F-WZFC,9V-SGG,Singapore AL,14.12.18,350-941,C
245.0,03.10.18,F-WZNX,,LATAM AL (ntu),21.11.18,350-941,
,,,B-305A,Hainan AL,22.01.19,,
,,,ZS-SDD,South African AW lsd,05.11.19,,
,,OE-IPX,,,,,STD
246.0,08.10.18,F-WZGR,B-308G,Hainan AL,20.09.19,350-941,STD
247.0,22.10.18,F-WZFW,B-1080,Air China,23.11.18,350-941,C
248.0,30.10.18,F-WWIW,B-304D,China Eastern AL,28.11.18,350-941,C
249.0,20.05.19,F-WWTV,A7-AMK,Qatar AW,27.06.19,350-941,C
250.0,28.09.18,F-WZFX,PR-XTI,LATAM AL,20.12.18,350-941,
,,,N573DZ,Delta AL,r12.10.21,,STD
251.0,12.10.18,F-WWAW,B-LGG,Hong Kong AL,31.12.18,350-941,
,,,B-308H,Hainan AL,29.07.19,,STD
252.0,29.10.18,F-WZGL,B-LXG,Cathay Pacific,29.11.18,350-1041,C
253.0,,,,,,350-941,
254.0,27.11.18,F-WZGX,9V-SHA,Singapore AL,17.12.18,350-941,C
255.0,08.10.18,F-WZGA,D-AIXL,Lufthansa,20.11.18,350-941,C
256.0,17.10.18,F-WZFD,B-LGH,Hong Kong AL,21.11.18,350-941,
,,,B-30EG,Hainan AL tfd,01.08.21,,C
257.0,27.06.19,F-WZFF,A7-AML,Qatar AW,27.09.19,350-941,C
258.0,27.11.18,F-WZFN,B-LXH,Cathay Pacific,18.12.18,350-1041,C
259.0,09.11.18,F-WZFH,ET-AVE,Ethiopian AL,07.12.18,350-941,C
260.0,29.11.18,F-WZNC,B-LGI,Hong Kong AL,31.12.18,350-941,
,,,B-308J,Hainan AL,14.08.19,,STD
261.0,28.11.18,F-WZFO,B-304N,China Eastern AL,19.12.18,350-941,C
262.0,09.01.19,F-WZFB,B-LXI,Cathay Pacific,01.02.19,350-1041,C
263.0,14.11.18,F-WZFV,9V-SHB,Singapore AL,30.11.18,350-941,C
264.0,19.11.18,F-WZGB,OH-LWM,Finnair,12.12.18,350-941,C
265.0,04.02.19,F-WZGO,A7-AQA,Qatar AW,21.03.19,350-941,
,,,PR-XTJ,LATAM AL ret,07.20,,
,,,N574DZ,Delta AL lsd,15.07.21,,C
266.0,13.06.19,F-WZGY,A7-ANJ,Qatar AW,27.06.19,350-1041,C
267.0,14.12.18,F-WZGE,N512DN,Delta AL,25.01.19,350-941,C
268.0,07.12.18,F-WZFS,B-307A,Air China,22.01.19,350-941,C
269.0,19.12.18,F-WZNS,B-305X,China Eastern AL,29.01.19,350-941,C
270.0,29.11.18,F-WZFT,EI-IFB,ITA AW,06.05.22,350-941,C
271.0,04.01.19,F-WZND,EC-NBE,Iberia,24.01.19,350-941,C
272.0,06.02.19,F-WZNF,B-306Y,China Eastern AL,27.02.19,350-941,C
273.0,17.01.19,F-WZNE,OH-LWN,Finnair,13.02.19,350-941,C
274.0,25.06.19,F-WZGN,G-VLUX,Virgin Atlantic AW,10.08.19,350-1041,C
275.0,,,,Qatar AW,,350-941,
276.0,11.01.19,F-WZGV,9V-SHC,Singapore AL,01.02.19,350-941,C
277.0,08.01.19,F-WZNN,N513DZ,Delta AL,26.02.19,350-941,C
278.0,29.01.19,F-WZGU,9V-SHD,Singapore AL,28.02.19,350-941,C
279.0,28.01.19,F-WZNP,VN-A898,Vietnam AL,28.02.19,350-941,C
280.0,07.01.19,F-WZNA,RP-C3507,Philippine AL,19.02.19,350-941,
,,EI-GZS,D-AIVD,Lufthansa,28.04.22,,C
281.0,06.03.19,F-WZGT,B-306N,Sichuan AL,22.05.19,350-941,C
282.0,04.06.19,F-WZGS,A7-AQB,Qatar AW lsd,24.09.19,350-941,
,,,PR-XTK,LATAM AL ret,07.20,,
,,,N575DZ,Delta AL lsd,22.06.21,,C
283.0,19.04.22,F-WZFY,EI-IFF,ITA AW,13.07.22,350-941,C
284.0,12.12.18,F-WZFQ,B-307C,Air China,26.02.19,350-941,C
285.0,21.02.19,"F-WZNZ, F-WXAN",M-ABOD,Adhan Aircraft Leasing,09.04.21,350-941,
,,F-WXAN,EI-IFE,ITA AW,15.09.22,,C
286.0,15.02.19,F-WZHG,B-LXJ,Cathay Pacific,13.03.19,350-1041,C
287.0,11.02.19,F-WZHC,D-AIXM,Lufthansa,14.03.19,350-941,C
288.0,,,,,,,
289.0,13.03.19,F-WZFK,ET-AWM,Ethiopian AL,05.04.19,350-941,C
290.0,04.04.19,F-WZNI,A6-XWB,Etihad AW,22.05.21,350-1041,C
291.0,21.03.19,F-WZGZ,B-307Y,China Eastern AL,09.04.19,350-941,C
292.0,31.01.19,F-WZGW,D-AIXN,Lufthansa,28.03.19,350-941,C
293.0,04.03.19,F-WZHJ,EC-NBO,Evelop,25.03.19,350-941,C
294.0,25.03.19,F-WZGM,9V-SHE,Singapore AL,05.04.19,350-941,C
295.0,16.04.19,F-WZHH,B-308C,Air China,14.05.19,350-941,C
296.0,12.03.19,F-WZGF,B-LXK,Cathay Pacific,03.04.19,350-1041,C
297.0,26.02.19,F-WZFZ,VN-A899,Vietnam AL,17.05.19,350-941,C
298.0,27.05.19,F-WZNU,G-VPOP,Virgin Atlantic AW,29.08.19,350-1041,C
299.0,24.10.19,F-WZFR,DQ-FAI,Fiji AW,15.11.19,350-941,C
300.0,03.04.19,F-WWDV,OH-LWO,Finnair,26.04.19,350-941,C
301.0,24.05.19,F-WZHE,HL8361,Asiana AL,18.06.19,350-941,C
302.0,04.04.19,F-WZGK,EC-NCX,Iberia,30.04.19,350-941,C
303.0,09.04.19,F-WZHI,RP-C3508,Philippine AL,03.05.19,350-941,C
304.0,,,,,,,
305.0,19.03.19,F-WZFP,9V-SHF,Singapore AL,11.05.19,350-941,C
306.0,03.05.19,F-WZHK,B-LXL,Cathay Pacific,29.05.19,350-1041,C
307.0,15.05.19,F-WZGQ,B-308E,China Eastern AL,07.06.19,350-941,C
308.0,12.06.19,"F-WZFU, F-WXAO",M-ABOE,Adhan Aircraft Leasing,14.04.21,350-941,
,,F-WXAO,EI-IFA,ITA AW,11.05.22,,C
309.0,17.04.19,F-WZNR,9V-SHG,Singapore AL,18.05.19,350-941,C
310.0,30.04.19,F-WZFA,ET-AWN,Ethiopian AL,24.05.19,350-941,C
311.0,13.05.19,F-WZNJ,B-308M,Air China,29.05.19,350-941,C
312.0,07.05.19,F-WZNK,EC-NDR,Iberia,29.05.19,350-941,C
313.0,03.10.19,F-WZFI,A7-AQC,Qatar AW lsd,12.12.19,350-941,
,,,PR-XTL,LATAM AL Brazil,07.20,,
,,,N576DZ,Delta AL,10.03.22,,C
314.0,19.06.19,F-WZGA,D-AIXO,Lufthansa,17.07.19,350-941,C
315.0,14.05.19,"F-WZFD, F-WXAB",A6-XWA,Etihad AW,03.07.21,350-1041,C
316.0,16.04.19,F-WZNL,9V-SHH,Singapore AL,08.06.19,350-941,C
317.0,,,,Lufthansa,,350-941,
318.0,03.06.19,F-WZGP,B-308T,China Southern AL,28.06.19,350-941,C
319.0,25.06.19,F-WZNY,G-VPRD,Virgin Atlantic AW,23.09.19,350-1041,C
320.0,19.11.19,F-WZFW,DQ-FAJ,Fiji AW,14.12.19,350-941,C
321.0,16.05.19,F-WZHF,JA01XJ,Japan AL,13.06.19,350-942,C
322.0,12.06.19,F-WZFL,9V-SHI,Singapore AL,28.06.19,350-941,C
323.0,07.08.19,"F-WZFV, F-WXAP",,ALAFCO,26.09.19,350-941,
,,,EI-IFC,ITA AW,23.05.22,,C
324.0,18.06.19,F-WZGL,B-LQA,Cathay Pacific AL,09.07.19,350-941,C
325.0,23.05.19,F-WWIW,F-HREY,French Bee,12.06.19,350-941,C
326.0,02.07.19,F-WZFH,G-XWBA,British AW,25.07.19,350-1041,C
327.0,08.07.19,F-WZNO,F-HTRE,Air Caraibes,24.07.19,350-941,C
328.0,19.07.19,F-WZGB,9V-SHJ,Singapore AL,09.08.19,350-941,C
329.0,26.06.19,F-WZGX,9V-SMV,Singapore AL,26.07.19,350-941,C
330.0,05.06.19,"F-WZFO, F-WXAC",A6-XWC,Etihad AW,23.07.21,350-941,C
331.0,27.08.19,F-WZFN,F-HTYA,Air France,27.09.19,350-941,C
332.0,05.09.19,F-WZFC,A7-ANK,Qatar AW,04.12.19,350-1041,C
333.0,08.07.19,F-WZFX,JA02XJ,Japan AL,30.08.19,350-942,C
334.0,05.07.19,F-WZNB,B-309W,China Southern AL,18.10.19,350-941,C
335.0,23.09.19,F-WZGD,HL8362,Asiana AL,15.10.19,350-941,C
336.0,23.07.19,F-WZFM,G-VJAM,Virgin Atlantic AW,27.09.19,350-1041,C
337.0,22.07.19,F-WWBW,B-LQB,Cathay Pacific AL,08.08.19,350-941,C
338.0,26.09.19,"F-WZFG, F-WXAQ",,ALAFCO,,350-941,
,,,EI-IFD,ITA AW,17.06.22,,C
339.0,11.09.19,F-WZNX,B-30A9,China Southern AL,22.10.19,350-941,C
340.0,21.08.19,F-WZFS,G-XWBB,British AW,19.09.19,350-1041,C
341.0,30.07.19,F-WZND,9V-SMW,Singapore AL,13.09.19,350-941,C
342.0,06.08.19,"F-WZNM, F-WXAD",A6-XWD,Etihad AW,24.08.21,350-1041,C
343.0,19.08.19,F-WZGE,JA03XJ,Japan AL,20.09.19,350-942,C
344.0,16.08.19,F-WZGV,9V-SMY,Singapore AL,13.09.19,350-941,C
345.0,06.09.19,F-WZNF,ET-AWO,Ethiopian AL,04.10.19,350-941,C
346.0,01.10.19,F-WZFB,A7-ANL,Qatar AW,04.12.19,350-1041,C
347.0,10.10.19,F-WZNE,B-30AL,China Southern AL,09.11.19,350-941,C
348.0,11.10.19,F-WZNA,9V-SMZ,Singapore AL,30.10.19,350-941,C
349.0,05.10.19,F-WZFQ,F-HTYB,Air France,29.10.19,350-941,C
350.0,15.10.19,F-WZNN,A7-ANM,Qatar AW,07.12.19,350-1041,C
351.0,26.08.19,F-WZNS,B-30DM,Hainan AL,16.01.20,350-941,
,,OE-IBP,,ITA AW,due24,,STD
352.0,06.09.19,F-WZNP,JA04XJ,Japan AL,26.10.19,350-942,C
353.0,,,,Qatar AW,,350-941,
354.0,11.10.19,F-WZHG,ZS-SDE,South African AW lsd,18.11.19,350-941,
,,,3B-NCE,Air Mauritius ret,10.20,,C
355.0,17.09.19,F-WZGU,B-30DP,Hainan AL,17.01.20,350-941,
,,OE-IBV,,ITA AW,due24,,STD
356.0,22.11.19,F-WZNQ,A7-ANN,Qatar AW,20.12.19,350-1041,C
357.0,20.09.19,F-WZHC,B-30C0,China Southern AL,14.11.19,350-941,C
358.0,06.11.19,F-WZHJ,SE-RSA,SAS Scandinavian AL,29.11.19,350-941,C
359.0,12.11.19,F-WZGO,F-HTYC,Air France,07.12.19,350-941,C
360.0,,,,SAS Scandinavian AL,,350-941,
361.0,,,,Qatar AW,,350-941,
362.0,06.11.19,F-WZFK,G-XWBC,British AW,26.11.19,350-1041,C
363.0,22.11.19,F-WZGW,PR-XTM,LATAM AL,14.12.19,350-941,
,,N264AR,,,,,STD
364.0,07.11.19,F-WZNT,9V-SJA,Singapore AL,22.11.19,350-941,C
365.0,14.11.19,F-WZGF,ZS-SDF,South African AW lsd,02.12.19,350-941,
,,,3B-NCF,Air Mauritius ret,11.20,,C
366.0,13.11.19,F-WZGM,EC-NGT,Iberia,27.11.19,350-941,C
367.0,,,,LATAM AL,,350-941,
368.0,11.02.20,F-WWDW,A7-ANO,Qatar AW,22.10.20,350-1041,C
369.0,07.11.19,F-WZGZ,9V-SHK,Singapore AL,29.11.19,350-941,C
370.0,05.11.19,F-WZFJ,JA05XJ,Japan AL,11.12.19,350-942,C
371.0,21.11.19,F-WZGK,9V-SHL,Singapore AL,06.12.19,350-941,C
372.0,28.01.20,F-WZFP,A7-ANP,Qatar AW,27.02.20,350-1041,C
373.0,29.11.19,F-WZHI,B-30CW,China Eastern AL,19.12.19,350-941,C
374.0,11.12.19,F-WZNR,G-XWBD,British AW,23.12.19,350-1041,C
375.0,28.11.19,F-WZHD,ET-AWP,Ethiopian AL,13.12.19,350-941,C
376.0,29.11.19,F-WZNG,B-30CE,China Southern AL,28.12.19,350-941,C
377.0,,,,Ethiopian AL,,350-941,
378.0,14.01.20,F-WZHH,SE-RSB,SAS Scandinavian AL,07.02.20,350-941,C
379.0,07.01.20,F-WZFZ,9V-SHM,Singapore AL,22.01.20,350-941,C
380.0,09.07.20,F-WZGQ,B-LXM,Cathay Pacific AL,25.09.20,350-1041,C
381.0,14.01.20,F-WZNJ,F-HTYD,Air France,12.02.20,350-941,C
382.0,04.03.20,F-WZHF,A7-ANQ,Qatar AW,22.10.20,350-1041,C
383.0,03.02.20,F-WZGT,VQ-BFY,Aeroflot,29.02.20,350-941,
,,,RA-73157,Aeroflot rr,12.03.22,,C
384.0,,,,Hong Kong AL,,350-941,
385.0,14.01.20,F-WZHK,9V-SHN,Singapore AL,31.01.20,350-941,C
386.0,16.01.20,F-WZGP,G-XWBE,British AW,12.02.20,350-1041,C
387.0,10.01.20,F-WZFA,HL8381,Asiana AL,03.02.20,350-941,C
388.0,23.04.20,"F-WZFL, F-WXAE",A6-XWE,Etihad AW,20.09.21,350-1041,C
389.0,11.02.20,F-WZNK,HL8382,Asiana AL,24.11.20,350-941,C
390.0,31.01.20,F-WZGC,D-AIXP,Lufthansa,29.02.20,350-941,C
391.0,13.02.20,F-WZNL,SE-RSC,SAS Scandinavian AL,11.03.20,350-941,C
392.0,19.12.19,F-WWIW,OH-LWP,Finnair,10.02.20,350-941,C
393.0,24.06.21,F-WZHE,B-LQC,Cathay Pacific AL,01.09.21,350-941,C
394.0,06.02.20,F-WWTW,9V-SHO,Singapore AL,21.02.20,350-941,C
395.0,05.03.20,F-WZGA,N514DN,Delta AL,15.09.20,350-941,C
396.0,15.01.20,F-WZFD,B-LQD,Cathay Pacific AL,01.09.20,350-941,C
397.0,17.01.20,F-WZGL,EC-NIG,Iberia,05.03.20,350-941,C
398.0,10.02.20,F-WZFH,B-30EA,China Southern AL,28.11.20,350-941,C
399.0,11.05.20,F-WZGX,A7-ANR,Qatar AW,22.10.20,350-1041,C
400.0,24.02.20,F-WWAW,EC-NGY,Evelop AL,31.03.20,350-941,C
401.0,07.02.20,F-WZFO,B-LQE,Cathay Pacific AL,11.09.20,350-941,C
402.0,03.04.20,F-WZGB,G-XWBF,British AW,15.05.20,350-1041,C
403.0,13.03.20,F-WZGN,TC-LGA,THY Turkish AL,22.10.20,350-941,C
404.0,25.06.20,F-WZNO,N515DN,Delta AL,16.09.20,350-941,C
405.0,11.03.20,"F-WWBW, F-WXAF",JA06XJ,Japan AL,20.04.20,350-941,C
406.0,16.03.20,F-WZNC,EC-NIS,Iberia,05.06.20,350-941,C
407.0,10.04.20,F-WZFX,F-HTYE,Air France,06.05.20,350-941,C
408.0,18.05.20,F-WZNU,B-30FM,China Eastern AL,19.12.20,350-941,C
409.0,01.09.21,F-WZND,A7-AOA,Qatar AW ntu,,350-1041,STD
410.0,18.05.20,F-WZGV,OH-LWR,Finnair,01.09.20,350-941,C
411.0,15.07.20,F-WZFS,B-30F0,China Southern AL,01.12.20,350-941,C
412.0,07.05.20,F-WZGS,ET-AYB,Ethiopian AL,07.11.20,350-941,C
413.0,23.07.20,F-WZGE,B-LQF,Cathay Pacific AL,14.10.20,350-941,C
414.0,04.05.20,F-WZFN,VQ-BFZ,Aeroflot,27.05.21,350-941,
,,,RA-73155,Aeroflot rr,21.03.22,,C
415.0,18.05.20,F-WZNY,G-VRNB,Virgin Atlantic AW,17.09.20,350-1041,C
416.0,21.02.20,"F-WZFF, F-WJKM, D-AGAF",10+03,German Air Force,20.08.20,350-941,C
417.0,29.03.21,F-WZGY,B-30F9,China Southern AL,23.04.21,350-941,C
418.0,09.06.20,F-WZFM,SE-RSD,SAS Scandinavian AL,30.06.20,350-941,C
419.0,30.04.20,F-WZNM,EC-NJM,Iberia,19.09.20,350-941,C
420.0,17.08.20,F-WZNF,A7-ANS,Qatar AW,31.12.20,350-1041,C
421.0,04.06.20,F-WZGD,TC-LGB,THY Turkish AL,23.10.20,350-941,C
422.0,03.06.20,F-WZNB,F-HTYF,Air France,30.06.20,350-941,C
423.0,22.09.20,F-WZNX,B-321J,China Eastern AL,18.04.21,350-941,C
424.0,17.05.21,F-WZNP,B-LXN,Cathay Pacific AL,25.06.21,350-1041,C
425.0,26.10.20,F-WZFQ,HL8383,Asiana AL,29.12.20,350-941,C
426.0,03.07.20,F-WZNA,G-VTEA,Virgin Atlantic AW,04.12.20,350-1041,C
427.0,29.05.20,F-WZHG,D-AIXQ,Lufthansa,30.10.20,350-941,C
428.0,26.06.20,F-WZFR,VP-BXA,Aeroflot,27.05.21,350-941,
,,,RA-73154,Aeroflot rr,04.22,,C
429.0,18.12.20,F-WZNE,VP-BXD,Aeroflot,28.06.21,350-941,
,,,RA-73153,Aeroflot rr,21.03.22,,C
430.0,18.11.21,F-WZHC,A7-ANU,Qatar AW ntu,,350-1041,STD
431.0,27.08.20,F-WZNT,ET-AYA,Ethiopian AL,07.11.20,350-941,C
432.0,07.08.20,F-WZGM,G-XWBG,British AW,02.10.20,350-1041,C
433.0,11.06.20,F-WZFK,F-HREN,French Bee,12.08.20,350-941,C
434.0,08.02.21,F-WZHJ,B-LXO,Cathay Pacific AL,05.03.21,350-1041,C
435.0,28.07.20,F-WZGZ,TC-LGC,THY Turkish AL,28.01.21,350-941,C
436.0,14.08.20,F-WZGF,9V-SHP,Singapore AL,15.10.20,350-941,C
437.0,05.03.21,F-WZGO,VP-BXC,Aeroflot,15.06.21,350-941,
,,,RA-73152,Aeroflot rr,21.03.22,,C
438.0,27.01.22,F-WLXV,A7-AOB,Qatar AW ntu,,350-1041,STD
439.0,18.08.20,F-WZFC,9V-SHQ,Singapore AL,09.10.20,350-941,C
440.0,29.04.22,F-WZFB,A7-AOC,Qatar AW ntu,,350-1041,STD
441.0,27.05.21,F-WZFW,VP-BXP,Aeroflot,29.06.21,350-941,
,,,RA-73151,Aeroflot rr,21.03.22,,C
442.0,02.02.21,F-WZGK,TC-LGD,THY Turkish AL,12.03.21,350-941,C
443.0,31.07.20,"F-WZNN, F-WJKP",D-AKAY,K5 Aviation,11.12.20,350-941,C
444.0,09.06.22,F-WZFJ,A7-AOD,Qatar AW ntu,,350-1041,STD
445.0,11.09.20,F-WZHI,9V-SHR,Singapore AL,20.10.20,350-941,C
446.0,22.10.20,F-WZHD,G-XWBH,British AW,14.12.20,350-1041,C
447.0,22.09.20,F-WZGW,9V-SHS,Singapore AL,20.10.20,350-941,C
448.0,23.04.21,F-WZHI,EC-NOI,World2fly,07.06.21,350-941,C
449.0,28.01.21,F-WZNQ,B-320S,China Southern AL,11.06.21,350-941,C
450.0,,F-WZNR,A7-AOE,Qatar AW ntu,,350-1041,
451.0,08.10.20,F-WZNG,JA07XJ,Japan AL,02.12.20,350-941,C
452.0,14.12.20,"F-WZNS, B-005S",B-323H,China Eastern AL,20.07.21,350-941,C
453.0,30.10.20,F-WZGU,EC-NLP,Iberia,18.03.22,350-941,C
454.0,30.03.21,F-WZFZ,TC-LGE,THY Turkish AL,05.05.21,350-941,C
455.0,13.11.20,F-WZHK,B-321M,Air China,17.12.20,350-941,C
456.0,,F-WZFA,,Qatar AW ntu,,350-1041,
457.0,26.10.21,F-WZNJ,TC-LGI,THY Turkish AL,08.07.22,350-941,C
458.0,13.11.20,F-WZHH,B-321N,Air China,17.12.20,350-941,C
459.0,19.01.21,F-WWIW,EC-NMZ,Iberia,30.03.22,350-941,C
460.0,01.06.21,F-WZNY,9V-SJE,Singapore AL,30.12.21,350-941,C
461.0,,F-WZGP,,Qatar AW ntu,,350-1041,
462.0,07.06.21,F-WZGT,B-324R,China Southern AL,28.12.21,350-941,C
463.0,15.11.21,F-WZFP,TC-LGJ,THY Turkish AL,07.07.22,350-941,C
464.0,21.12.20,F-WZGC,9V-SHT,Singapore AL,02.04.21,350-941,C
465.0,08.01.21,F-WZNL,B-322H,Air China,27.02.21,350-941,C
466.0,21.01.22,F-WWBW,VP-BYF,Aeroflot,24.02.22,350-941,
,,,RA-73156,Aeroflot rr,12.03.22,,C
467.0,,F-WWTW,,Qatar AW,,350-1041,
468.0,18.11.20,"F-WZGL, F-WJKN, D-AGVT",10+01,German AF,17.11.22,350-941,C
469.0,05.03.21,F-WZFX,9V-SHU,Singapore AL,02.04.21,350-941,C
470.0,30.03.21,"F-WZFF, B-005T",B-324W,China Eastern AL,24.11.21,350-941,C
471.0,15.02.22,F-WZGB,TC-LGK,THY Turkish AL,02.08.22,350-941,C
472.0,20.05.21,F-WZFL,9V-SJB,Singapore AL,25.06.21,350-941,C
473.0,21.06.21,F-WZNC,G-XWBI,British AW,26.03.22,350-1041,C
474.0,25.02.21,F-WZNM,B-322Y,Air China,30.04.21,350-941,C
475.0,02.03.21,F-WZFM,9H-SHV,Singapore AL,02.04.21,350-941,C
476.0,23.11.20,F-WZNB,JA08XJ,Japan AL,21.12.20,350-941,C
477.0,,,,Qatar AW,,350-1041,
478.0,16.06.21,F-WZFK,B-324S,China Southern AL,29.12.21,350-941,C
479.0,02.02.21,F-WWAW,F-HTYG,Air France,22.03.21,350-941,C
480.0,20.09.22,F-WZGN,B-58501,Starlux AL,28.10.22,350-941,C
481.0,15.03.21,F-WZFD,B-322Z,Air China,30.04.21,350-941,C
482.0,04.05.21,F-WZNI,F-HTOO,Air Caraibes Atlantique,04.06.21,350-1041,C
483.0,22.10.21,F-WZFO,EC-NSC,Iberia,23.02.22,350-941,C
484.0,17.02.21,F-WZNV,SE-RSE,SAS,26.03.21,350-941,C
485.0,09.12.21,F-WZFQ,9V-SHW,Singapore AL,07.01.22,350-941,C
486.0,,,,Qatar AW,,350-1041,
487.0,14.12.21,"F-WZNF, B-005N",B-329K,Air China,28.07.22,350-941,C
488.0,25.02.21,F-WZGR,F-HTYH,Air France,06.04.21,350-941,C
489.0,22.04.21,"F-WZGA, B-005U",B-324X,China Eastern AL,23.02.22,350-941,C
490.0,19.01.22,F-WWXL,G-XWBJ,British AW,01.03.22,350-1041,C
491.0,19.03.21,F-WZGV,F-HTYI,Air France,30.04.21,350-941,C
492.0,31.08.21,F-WZGM,G-VEVE,Virgin Atlantic AW,02.12.21,350-1041,C
493.0,04.04.22,F-WZGY,TC-LGL,THY Turkish AL,02.08.22,350-941,C
494.0,11.03.22,F-WZFV,9V-SHY,Singapore AL,08.04.22,350-941,C
495.0,27.01.22,F-WZGE,G-XWBK,British AW,10.03.22,350-1041,C
496.0,14.01.22,F-WZHJ,TC-LGF,THY Turkish AL,18.02.22,350-941,C
497.0,09.04.21,F-WZNO,JA09XJ,Japan AL,14.06.21,350-941,C
498.0,,,,Aeroflot,,350-941,
499.0,29.04.21,F-WZGQ,SE-RSF,SAS,22.06.21,350-941,C
500.0,18.05.21,F-WZGF,F-HTYJ,Air France,06.07.21,350-941,C
501.0,,,,Qatar AW,,350-1041,
502.0,14.05.21,F-WZFC,F-HTYK,Air France,14.06.21,350-941,C
503.0,25.07.22,F-WZNM,B-LXP,Cathay Pacific AL,20.09.22,350-1041,C
504.0,23.02.22,"F-WZGR, B-005M",B-32AL,Air China,20.10.22,350-941,C
505.0,21.10.21,"F-WZNU, B-005V",B-329E,China Eastern AL,18.08.22,350-941,C
506.0,14.02.22,F-WZNZ,B-329S,China Southern AL,13.08.22,350-941,C
507.0,22.02.22,F-WZFU,G-VLIB,Virgin Atlantic AW,27.04.22,350-1041,C
508.0,,,,Aeroflot,,350-941,
509.0,26.08.22,F-WZGO,B-LXQ,Cathay Pacific AL,29.10.22,350-1041,C
510.0,08.07.21,F-WWDW,F-HTYL,Air France,10.12.21,350-941,C
511.0,,,,China Eastern AL,,350-941,
512.0,30.03.22,"F-WZFD, B-005S",B-32AV,China Southern AL,22.10.22,350-941,C
513.0,,F-WZNA,G-VBOB,Virgin Atlantic AW,,350-1041,
514.0,,,,Singapore AL,,350-941,
515.0,,,,Qatar AW,,350-1041,
516.0,06.10.21,F-WZGW,OH-LWS,Finnair,29.12.21,350-941,C
517.0,12.05.21,"F-WZFI, B-005R",B-326Y,Air China,29.12.21,350-941,C
518.0,,,,Aeroflot,,350-941,
519.0,,,,Qatar AW,,350-1041,
520.0,15.09.21,F-WZGS,F-HTYM,Air France,07.01.22,350-941,C
521.0,,,G-VNVR,Virgin Atlantic AW,,350-1041,
522.0,,,,Asiana AL,,350-941,
523.0,,,,Aeroflot,,350-941,
524.0,03.09.21,F-WZFH,ET-AYM,Ethiopian AL,03.12.21,350-941,C
525.0,,,,Singapore AL,,350-941,
526.0,24.09.21,"F-WZHF, D-AGAF",10+02,German Air Force,25.10.21,350-941,C
527.0,,,B-LXR,Cathay Pacific AL,,350-1041,
528.0,09.07.21,"F-WZNT, B-005W",B-327V,Air China,12.03.22,350-941,C
529.0,,,,Aeroflot,,350-941,
530.0,23.12.21,F-WZHH,N516DN,Delta AL,25.01.22,350-941,C
531.0,08.07.21,F-WZGX,JA10XJ,Japan AL,17.08.21,350-941,C
532.0,,,TC-LGG,THY Turkish AL,,350-941,
533.0,03.09.21,F-WZNK,F-HSIS,Air Caraibes,15.12.21,350-941,C
534.0,,,,World2fly,,350-941,
535.0,27.07.21,F-WZGD,JA11XJ,Japan AL,11.09.21,350-941,C
536.0,03.08.21,F-WZHG,JA12XJ,Japan AL,01.10.21,350-941,C
537.0,25.08.21,"F-WZNG, B-005Q",B-328Q,Air China,06.07.22,350-941,C
538.0,20.09.21,F-WZFS,JA13XJ,Japan AL,10.11.21,350-941,C
539.0,15.10.21,F-WZNN,F-HMIX,French Bee,16.12.21,350-1041,C
540.0,03.02.22,"F-WWAW, B-005P",B-32A8,China Eastern AL,01.11.22,350-941,C
541.0,22.11.21,F-WZHK,JA14XJ,Japan AL,18.12.21,350-941,C
542.0,21.10.21,F-WZHD,ET-AYN,Ethiopian AL,10.12.21,350-941,C
543.0,14.01.22,F-WZNL,JA15XJ,Japan AL,16.02.22,350-941,C
544.0,13.12.21,F-WZNB,F-HTYN,Air France,31.01.22,350-941,C
545.0,07.01.22,F-WZGZ,N517DZ,Delta AL,31.01.22,350-941,C
546.0,08.02.22,F-WZGC,F-HTYO,Air France,16.03.22,350-941,C
547.0,07.03.22,F-WZFX,G-XWBL,British AW,29.04.22,350-1041,C
548.0,24.02.22,F-WZFM,F-HTYP,Air France,12.04.22,350-941,C
549.0,30.05.22,F-WZNV,EC-NVR,Iberia,09.09.22,350-941,C
550.0,01.12.21,F-WZNA,B-325J,Sichuan AL,06.12.22,350-941,C
551.0,25.03.22,F-WZNX,F-HTYQ,Air France,10.05.22,350-941,C
552.0,17.03.22,F-WZGV,JA16XJ,Japan AL,24.04.22,350-941,C
553.0,,F-WZGK,,Starlux AL,,350-941,
554.0,,F-WZFZ,VP-BYG,Aeroflot ntu,,350-941,
555.0,,,,Starlux AL,,350-941,
556.0,30.11.22,F-WZFG,EC-NXC,Iberia,,350-941,
557.0,07.11.22,F-WZNI,B-58502,Starlux AL,,350-941,
558.0,,F-WZFN,VP-BYX,Aeroflot ntu,,350-941,
559.0,26.04.22,F-WZFR,EC-NTB,World2fly,03.06.22,350-941,C
560.0,20.05.22,F-WZHI,F-HMIB,French Bee,09.12.22,350-1041,C
561.0,16.05.22,F-WZNQ,,China Eastern AL,,350-941,
562.0,20.05.22,F-WZGQ,F-HTYR,Air France,29.06.22,350-941,C
563.0,22.07.22,F-WZNE,G-XWBM,British AW,26.08.22,350-1041,C
564.0,07.06.22,F-WZNP,9V-SJC,Singapore AL,28.06.22,350-941,C
565.0,15.06.22,F-WZFL,TC-LGG,THY Turkish AL,06.07.22,350-941,C
566.0,,,,,,350-941,
567.0,01.09.22,F-WZGD,EC-NXD,Iberia,29.09.22,350-941,C
568.0,04.07.22,F-WZFW,,China Southern AL,,350-941,
569.0,06.07.22,F-WZGF,9V-SJD,Singapore AL,20.08.22,350-941,C
570.0,09.06.22,F-WZFC,B-32AS,Air China,,350-941,
571.0,26.10.22,F-WZNS,B-32AG,Sichuan AL,,350-941,
572.0,,F-WZGX,B-32CA,Air China,,350-941,
573.0,12.07.22,F-WZHE,,China Eastern AL,,350-941,
574.0,28.09.22,F-WZHG,B-32CE,Air China,,350-941,
575.0,,F-WZHF,,Air China,,350-941,
576.0,09.08.22,F-WZFS,F-HTYS,Air France,30.09.22,350-941,C
577.0,04.10.22,F-WZGM,,China Eastern AL,,350-941,
578.0,27.09.22,F-WWDW,F-HTYT,Air France,25.11.22,350-941,C
579.0,17.10.22,F-WZFH,EC-NXE,Iberia,28.11.22,350-941,C
580.0,29.09.22,F-WZHD,N518DZ,Delta AL,22.11.22,350-941,C
581.0,,F-WZNK,,Air China,,350-941,
582.0,24.10.22,F-WZNN,ET-AZI,Ethiopian AL,18.11.22,350-941,C
583.0,08.11.22,F-WZHK,B-32CR,China Southern AL,30.11.22,350-941,C
584.0,16.11.22,F-WZGS,B-LXR,Cathay Pacific AL,,350-1041,
585.0,,F-WZGT,,Aeroflot,,350-941,
586.0,,,,x,,350-941,
587.0,28.11.22,F-WZFI,,Air China,,350-941,
588.0,24.11.22,F-WZFK,N519DZ,Delta AL,,350-941,
589.0,,,,China Southern AL,,350-941,
590.0,,F-WZFQ,D-AIXR,Lufthansa,,350-941,
591.0,,F-WZGW,,China Eastern AL,,350-941,
592.0,,,,Asiana AL,,350-941,
593.0,,F-WZNB,,Starlux AL,,350-941,
594.0,,,,China Eastern AL,,350-941,
595.0,,F-WZNL,,Air China,,350-941,
596.0,,,,THY Turkish AL,,350-941,
597.0,,,,Asiana AL,,350-941,
598.0,,,,China Southern AL,,350-941,
599.0,,,,Singapore AL,,350-941,
600.0,10.11.22,F-WZFF,,Air Caraibes (?),,350-1041,
601.0,,,,China Southern AL,,350-941,
602.0,,,,Asiana AL,,350-941,
603.0,,,,Air France,,350-941,
604.0,,,,Air China,,350-941,
605.0,,,,Virgin Atlantic AL,,350-1041,
606.0,,,,British AW,,350-941,
607.0,,,,China Eastern AL,,350-941,
608.0,,,,x,,,
609.0,,,,British AW,,350-1041,
610.0,,,,Japan AL,,350-1041,
611.0,,,,Ethiopian AL,,350-941,
612.0,,,,Air France,,350-941,
613.0,,,EC-NZF,World2fly,,350-941,
614.0,,,,Air China,,350-941,
615.0,,,B-LXS,Cathay Pacific AL,,350-1041,
616.0,,,,Air France,,350-941,
617.0,,,G-XWBO,British AW,,350-1041,
618.0,,,,THY Turkish AL,,350-941,
619.0,,,,China Southern AL,,350-941,
620.0,,,,Starlux AL,,350-941,
621.0,,,,THY Turkish AL,,350-941,
622.0,,,,Iberia,,350-941,
623.0,,,G-XWBP,British AW,,350-1041,
624.0,,,,China Eastern AL,,350-941,
625.0,,,,China Southern AL,,350-941,
626.0,,,,China Southern AL,,350-941,
627.0,,,,Air France,,350-941,
628.0,,,,Japan AL,,350-,
629.0,,,,Singapore AL,,350-941,
630.0,,,,Starlux AL,,350-941,
631.0,,,,Sichuan AL,,350-941,
632.0,,,,Air China,,350-941,
633.0,,,,Air France,,350-941,
634.0,,,,Iberia,,350-941,
635.0,,,,Japan AL,,350-1041,
636.0,,,D-AIXS,Lufthansa,,350-941,
637.0,,,D-AIXT,Lufthansa,,350-941,
638.0,,,,THY Turkish AL,,350-941,
639.0,,,,British AW,,350-1041,
640.0,,,,Air France,,350-941,
641.0,,,,Sichuan AL,,350-941,
642.0,,,D-AIXU,Lufthansa,,350-941,
651.0,,,,THY Turkish AL,,350-941,
654.0,,,,Delta AL,,350-941,
661.0,,,,Qantas,,350.0,
662.0,,,,Japan AL,,350-1041,
677.0,,,,Qantas,,350.0,
704.0,,,,Airbus Freighter proto,,350F,
707.0,,,,Qantas,,350-1041,
714.0,,,,Etihad AW,,350-1041,
719.0,,,,CMA-CGM,,350F,
722.0,,,,CMA-CGM,,350F,
734.0,,,,Singapore AL,,350F,
