,Unnamed: 0,c/n,f/f_year,operator,type,St
0,1.0,30.0,93,Air Inter ,330,
1,2.0,37.0,93,Air Inter ,330,
2,3.0,45.0,94,Air Inter ,330,
3,4.0,50.0,94,Thai AW Int ,330,STD
4,5.0,54.0,94,Aer Lingus lsd,330,
5,6.0,55.0,94,Aer Lingus lsd,330,
6,7.0,59.0,94,Air Inter ,330,
7,8.0,60.0,94,Thai AW Int ,330,SCR
8,9.0,62.0,94,Thai AW Int ,330,SCR
9,10.0,64.0,94,Thai AW Int ,330,SCR
10,11.0,65.0,95,Thai AW Int ,330,SCR
11,12.0,66.0,95,Thai AW Int ,330,STD
12,13.0,67.0,95,Malaysian AS,330,SCR
13,14.0,68.0,94,Malaysian AS,330,W/O
14,15.0,69.0,94,Malaysian AS,330,SCR
15,16.0,70.0,94,Aer Lingus lsd,330,
16,17.0,71.0,94,Cathay Pacific,330,
17,18.0,72.0,95,LTU lsd,330,
18,19.0,73.0,95,Malaysian AS,330,SCR
19,20.0,77.0,95,Malaysian AS,330,SCR
20,21.0,82.0,94,LTU Int'l AW lsd,330,
21,22.0,83.0,95,Cathay Pacific,330,
22,23.0,86.0,94,Aer Lingus,330,
23,24.0,87.0,95,LTU lsd,330,
24,25.0,95.0,95,LTU lsd,330,
25,26.0,96.0,95,Malaysian AS lsd,330,
26,27.0,98.0,95,Dragonair lsd,330,
27,28.0,99.0,95,Cathay Pacific,330,
28,29.0,100.0,95,Malaysian AS,330,SCR
29,30.0,102.0,95,Cathay Pacific,330,
30,31.0,106.0,95,Dragonair lsd,330,
31,32.0,107.0,95,Malaysian AS,330,SCR
32,33.0,109.0,95,Cathay Pacific,330,
33,34.0,110.0,95,Malaysian AS,330,SCR
34,35.0,111.0,95,Dragonair lsd,330,
35,36.0,112.0,95,Thai AW Int ,330,STD
36,37.0,113.0,95,Cathay Pacific,330,
37,38.0,116.0,95,Malaysian AS,330,
38,39.0,118.0,95,Cathay Pacific,330,
39,40.0,119.0,95,Malaysian AS,330,SCR
40,41.0,120.0,96,LTU Int'l AW,330,
41,42.0,121.0,95,Cathay Pacific,330,
42,43.0,122.0,95,Thai AW Int ,330,STD
43,44.0,127.0,96,LTU Int'l AW,330,
44,45.0,132.0,96,Cathay Pacific,330,
45,46.0,138.0,96,Garuda,330,C
46,47.0,140.0,96,Garuda Indonesian AW,330,C
47,48.0,143.0,96,Malaysian AS lsd,330,
48,49.0,144.0,97,Garuda Indonesian AW,330,C
49,50.0,148.0,97,Garuda,330,C
50,51.0,153.0,97,Garuda Indonesian AW,330,C
51,52.0,155.0,96,Cathay Pacific,330,
52,53.0,162.0,97,Korean Air,330,C
53,54.0,165.0,97,Garuda,330,C
54,55.0,171.0,97,LTU ,330,
55,56.0,172.0,97,Korean Air,330,C
56,57.0,177.0,97,Dragonair lsd,330,
57,58.0,181.0,97,PROTO 330-200 #1,330,
58,59.0,183.0,97,Philippine AL ,330,
59,60.0,184.0,97,Philippine AL ,330,
60,61.0,188.0,97,Philippine AL ,330,
61,62.0,189.0,97,Philippine AL ,330,
62,63.0,191.0,97,Philippine AL ,330,
63,64.0,195.0,97,PROTO 330-200 #2,330,
64,65.0,198.0,97,Philippine AL ,330,
65,66.0,200.0,97,Philippine AL ,330,
66,67.0,203.0,98,Philippine AL ,330,
67,68.0,205.0,98,Canada 3000 lsd,330,
68,69.0,206.0,98,Korean Air,330,
69,70.0,209.0,98,Thai AW Int ,330,
70,71.0,211.0,98,Canada 3000,330,
71,72.0,219.0,98,Korean Air,330,W/O
72,73.0,222.0,98,Korean Air,330,
73,74.0,223.0,98,Austrian AL ,330,
74,75.0,224.0,98,Thai AW Int ,330,SCR
75,76.0,226.0,98,Korean Air,330,
76,77.0,229.0,98,Swissair,330,
77,78.0,230.0,98,Sabena,330,
78,79.0,231.0,98,Thai AW Int ,330,
79,80.0,232.0,98,TAM Brazil lsd,330,
80,81.0,234.0,98,Dragonair ,330,
81,82.0,238.0,98,TAM Brazil lsd,330,
82,83.0,241.0,98,Korean Air,330,C
83,84.0,244.0,98,Cathay Pacific,330,
84,85.0,247.0,98,TAM Brazil lsd,330,SCR
85,86.0,248.0,98,Emirates AL ,330,
86,87.0,249.0,98,Swissair,330,
87,88.0,250.0,99,Air Transat lsd,330,
88,89.0,251.0,99,Emirates AL,330,
89,90.0,253.0,99,Swissair lsd,330,
90,91.0,254.0,99,Airtours International,330,
91,92.0,255.0,99,Swissair lsd,330,
92,93.0,256.0,99,Korean Air,330,C
93,94.0,258.0,99,Korean Air,330,
94,95.0,259.0,99,TAM Brazil,330,
95,96.0,261.0,99,Monarch AL,330,
96,97.0,262.0,99,Swissair lsd,330,
97,98.0,265.0,99,Monarch AL,330,
98,99.0,266.0,99,Airtours International,330,
99,100.0,267.0,99,Korean Air,330,C
100,101.0,269.0,99,Aer Lingus,330,
101,102.0,271.0,99,Air Transat lsd,330,
102,103.0,272.0,99,Canada 3000 lsd,330,
103,104.0,275.0,99,Swissair,330,
104,105.0,276.0,99,Gulf Air,330,
105,106.0,277.0,99,Air Canada,330,C
106,107.0,279.0,99,Air Canada,330,C
107,108.0,281.0,99,Gulf Air,330,
108,109.0,283.0,99,Emirates AL,330,
109,110.0,284.0,99,Air Canada,330,C
110,111.0,285.0,99,Corsair,330,C
111,112.0,286.0,99,Gulf Air,330,
112,113.0,287.0,99,Gulf Air,330,
113,114.0,288.0,99,Swissair,330,
114,115.0,290.0,99,Sabena lsd,330,
115,116.0,291.0,99,Swissair,330,
116,117.0,293.0,99,Emirates AL,330,
117,118.0,294.0,99,Swissair lsd,330,
118,119.0,295.0,99,Emirates AL,330,
119,120.0,296.0,99,Sabena lsd,330,
120,121.0,299.0,99,Swissair,330,
121,122.0,300.0,99,Sabena lsd,330,
122,123.0,301.0,99,Airtours International,330,
123,124.0,303.0,99,Srilankan AL,330,C
124,125.0,305.0,99,Flightlease,330,
125,126.0,306.0,99,Srilankan AL,330,C
126,127.0,308.0,99,Swissair,330,
127,128.0,309.0,99,Airtours International,330,
128,129.0,311.0,99,Srilankan AL,330,C
129,130.0,312.0,99,Swissair,330,
130,131.0,313.0,99,Srilankan AL,330,
131,132.0,314.0,99,Emirates AL,330,
132,133.0,315.0,0,US AW,330,
133,134.0,316.0,0,Emirates AL,330,
134,135.0,317.0,99,Austrian AL lsd,330,
135,136.0,320.0,0,Corsair,330,SCR
136,137.0,322.0,0,Sabena,330,
137,138.0,323.0,0,US AW,330,
138,139.0,324.0,0,Sabena,330,
139,140.0,326.0,0,Emirates AL,330,
140,141.0,328.0,0,Emirates AL,330,
141,142.0,330.0,0,Aer Lingus lsd,330,
142,143.0,333.0,0,US AW lsd,330,
143,144.0,334.0,0,Gulf Air,330,
144,145.0,336.0,0,Srilankan AL,330,W/O
145,146.0,337.0,0,US AW lsd,330,
146,147.0,338.0,0,Korean Air,330,C
147,148.0,339.0,0,Canada 3000 lsd,330,
148,149.0,340.0,0,Gulf Air,330,
149,150.0,341.0,0,Srilankan AL,330,W/O
150,151.0,342.0,0,US AW lsd,330,
151,152.0,343.0,0,Swissair,330,
152,153.0,344.0,0,Air Canada,330,C
153,154.0,345.0,0,Emirates AL,330,
154,155.0,346.0,0,Thai AW Int,330,STD
155,156.0,348.0,0,Emirates AL,330,
156,157.0,349.0,0,Airtours/Premiair,330,
157,158.0,350.0,0,Korean Air,330,C
158,159.0,351.0,0,Korean Air,330,C
159,160.0,353.0,0,Fll/Novair AL,330,
160,161.0,356.0,0,Airtours/Premiair,330,
161,162.0,357.0,0,Airtours/Premiair,330,
162,163.0,358.0,0,Air Afrique lsd,330,
163,164.0,361.0,0,TAM Brasil,330,
164,165.0,362.0,0,Novair AL lsd ,330,
165,166.0,364.0,0,Air Afrique lsd,330,
166,167.0,365.0,0,Emirates AL,330,
167,168.0,366.0,0,Swissair,330,
168,169.0,368.0,0,Korean Air,330,C
169,170.0,369.0,0,Edelweiss Air lsd,330,
170,171.0,370.0,0,US AW lsd,330,
171,172.0,372.0,0,Emirates AL,330,
172,173.0,375.0,0,US AW lsd,330,
173,174.0,380.0,1,US AW,330,
174,175.0,382.0,1,Emirates AL,330,SCR
175,176.0,384.0,0,Emirates AL,330,SCR
176,177.0,386.0,1,Cathay Pacific,330,
177,178.0,388.0,1,US AW,330,
178,179.0,389.0,1,Cathay Pacific,330,
179,180.0,392.0,1,Emirates AL,330,
180,181.0,393.0,1,Cathay Pacific,330,
181,182.0,396.0,1,Emirates AL,330,
182,183.0,397.0,1,Aer Lingus,330,
183,184.0,398.0,1,bmi British Midland,330,
184,185.0,400.0,1,Air Canada,330,C
185,186.0,401.0,1,bmi British Midland,330,
186,187.0,403.0,1,LTU Int'l AW,330,
187,188.0,404.0,1,bmi British Midland lsd,330,
188,189.0,405.0,1,Dragonair,330,
189,190.0,407.0,1,Dragonair lsd,330,
190,191.0,408.0,1,Air Canada,330,C
191,192.0,409.0,1,Emirates AL,330,
192,193.0,412.0,1,Air Canada,330,C
193,194.0,418.0,1,Cathay Pacific AW,330,C
194,195.0,419.0,1,Air Canada,330,C
195,196.0,420.0,1,Cathay Pacific AW,330,C
196,197.0,421.0,1,Cathay Pacific AW,330,C
197,198.0,422.0,1,Air France lsd,330,C
198,199.0,423.0,1,Cathay Pacific AW,330,C
199,200.0,425.0,1,Korean Air,330,
200,201.0,427.0,1,JMC AL lsd,330,
201,202.0,428.0,1,Korean Air,330,C
202,203.0,432.0,1,LTU Int'l AW lsd,330,
203,204.0,437.0,1,Emirates AL,330,
204,205.0,439.0,1,Cathay Pacific AW,330,
205,206.0,441.0,1,Qatar AW,330,
206,207.0,443.0,1,Air France,330,C
207,208.0,444.0,2,LTU Int'l AW lsd,330,
208,209.0,448.0,2,Air France lsd,330,C
209,210.0,451.0,2,Emirates AL,330,
210,211.0,452.0,2,Emirates AL,330,
211,212.0,454.0,2,LTU Int'l AW lsd,330,
212,213.0,455.0,3,Emirates AL,330,
213,214.0,456.0,2,JMC AL lsd,330,
214,215.0,458.0,2,Air France lsd,330,C
215,216.0,461.0,2,Iberworld lsd,330,
216,217.0,462.0,2,Emirates AL lsd,330,
217,218.0,463.0,2,Volare AL lsd,330,
218,219.0,465.0,2,Air France lsd,330,C
219,220.0,466.0,2,TAM lsd,330,
220,221.0,469.0,2,LTU Int'l AW lsd,330,
221,222.0,472.0,2,TAM lsd,330,
222,223.0,473.0,2,Qatar AW,330,
223,224.0,476.0,2,LTU Int'l AW lsd,330,
224,225.0,477.0,2,TAM lsd,330,
225,226.0,479.0,2,Dragonair,330,
226,227.0,480.0,2,Air Transat lsd,330,
227,228.0,481.0,2,Air France lsd,330,C
228,229.0,484.0,2,Korean Air,330,C
229,230.0,486.0,2,TAM lsd,330,
230,231.0,487.0,2,Qatar AW,330,C
231,232.0,490.0,2,Korean Air,330,C
232,233.0,493.0,2,LTU Int'l AW lsd,330,
233,234.0,494.0,2,Emirates AL,330,
234,235.0,496.0,2,SAS lsd,330,
235,236.0,497.0,2,SAS lsd,330,
236,237.0,498.0,2,Air France,330,C
237,238.0,500.0,2,Air France lsd,330,C
238,239.0,501.0,2,Star AL lsd,330,
239,240.0,502.0,2,Air France lsd,330,C
240,241.0,503.0,2,Air France lsd,330,C
241,242.0,504.0,2,Volare AL lsd,330,
242,243.0,505.0,2,Cyprus AW lsd,330,
243,244.0,506.0,3,Qantas,330,
244,245.0,507.0,2,Air Caledonie Int'l,330,
245,246.0,508.0,2,Qantas,330,
246,247.0,509.0,2,Emirates AL,330,
247,248.0,510.0,2,Air Caledonie Int'l,330,
248,249.0,511.0,3,Qatar AW,330,
249,250.0,512.0,2,Dragonair,330,
250,251.0,513.0,3,Qantas,330,
251,252.0,515.0,3,SAS lsd,330,
252,253.0,516.0,3,Air France lsd,330,C
253,254.0,519.0,3,Air France lsd,330,C
254,255.0,521.0,3,Qatar AW,330,
255,256.0,522.0,2,Qantas,330,
256,257.0,524.0,3,Northwest AL,330,
257,258.0,525.0,3,Emirates AL,330,
258,259.0,526.0,3,Cyprus AW lsd,330,
259,260.0,527.0,3,MEA-Middle East AL lsd,330,
260,261.0,529.0,3,MEA-Middle East AL lsd,330,
261,262.0,530.0,3,EVA Air lsd,330,
262,263.0,532.0,3,MEA-Middle East AL lsd,330,
263,264.0,533.0,3,Northwest AL,330,C
264,265.0,535.0,3,EVA Air lsd,330,
265,266.0,536.0,3,Emirates AL,330,
266,267.0,539.0,3,Cathay Pacific AW,330,C
267,268.0,542.0,3,Northwest AL,330,
268,269.0,548.0,3,Cathay Pacific AW,330,C
269,270.0,549.0,3,Northwest AL,330,
270,271.0,550.0,3,Korean AL,330,C
271,272.0,551.0,3,Livingston AL lsd,330,
272,273.0,552.0,3,Northwest AL,330,
273,274.0,553.0,3,Qantas,330,C
274,275.0,555.0,3,EVA AW lsd,330,
275,276.0,558.0,3,Qantas,330,C
276,277.0,564.0,3,Qantas,330,C
277,278.0,565.0,3,Cathay Pacific AW,330,C
278,279.0,567.0,4,Air France,330,C
279,280.0,568.0,3,SAS lsd,330,
280,281.0,570.0,4,Lufthansa,330,
281,282.0,571.0,4,Qatar AW,330,
282,283.0,573.0,4,EVA AW lsd,330,
283,284.0,574.0,4,Qantas,330,C
284,285.0,576.0,4,Lufthansa,330,
285,286.0,578.0,4,Northwest AL,330,
286,287.0,579.0,4,Lufthansa,330,
287,288.0,581.0,4,Dragonair lsd,330,
288,289.0,584.0,4,Air France lsd,330,C
289,290.0,587.0,4,EVA AW lsd,330,
290,291.0,588.0,4,Northwest AL,330,
291,292.0,591.0,4,Northwest AL,330,
292,293.0,593.0,4,Qantas,330,C
293,294.0,595.0,4,Qantas,330,C
294,295.0,597.0,4,Livingston AL lsd,330,
295,296.0,602.0,4,China AL,330,C
296,297.0,603.0,4,Qantas,330,C
297,298.0,605.0,4,Qatar AW,330,
298,299.0,607.0,4,China AL,330,C
299,300.0,609.0,4,Northwest AL,330,
300,301.0,612.0,4,Qatar AW lsd,330,
301,302.0,614.0,4,Northwest AL,330,
302,303.0,616.0,4,Qatar AW lsd,330,
303,304.0,618.0,4,Northwest AL,330,
304,305.0,620.0,4,Northwest AL,330,
305,306.0,621.0,4,Northwest AL,330,
306,307.0,623.0,4,Qatar AW,330,
307,308.0,625.0,4,Yemenia AW lsd,330,
308,309.0,627.0,4,Livingston AL lsd,330,
309,310.0,629.0,4,Lufthansa,330,
310,311.0,631.0,4,Northwest AL,330,
311,312.0,632.0,4,Yemenia AW lsd,330,
312,313.0,633.0,4,Northwest AL,330,
313,314.0,634.0,4,EVA Air lsd,330,
314,315.0,635.0,4,Star AL lsd,330,
315,316.0,636.0,4,Lufthansa,330,
316,317.0,637.0,4,Qatar AW,330,STD
317,318.0,638.0,4,Qatar AW,330,
318,319.0,640.0,4,Asiana AL,330,C
319,320.0,641.0,4,China AL,330,C
320,321.0,642.0,4,Lufthansa,330,C
321,322.0,644.0,4,Air Algerie,330,C
322,323.0,645.0,4,Lufthansa,330,
323,324.0,647.0,5,Air Algerie,330,C
324,325.0,648.0,5,Lufthansa,330,
325,326.0,649.0,5,China Southern AL,330,C
326,327.0,650.0,5,Air Algerie,330,C
327,328.0,652.0,5,China Southern AL,330,C
328,329.0,653.0,5,Air Algerie,330,C
329,330.0,654.0,5,Dragonair lsd,330,
330,331.0,655.0,5,EVA Air lsd,330,
331,332.0,656.0,5,China Southern AL,330,C
332,333.0,657.0,5,Air France,330,C
333,334.0,658.0,5,Etihad AW lsd,330,STD
334,335.0,659.0,5,Qatar AW,330,
335,336.0,660.0,5,Air France,330,W/O
336,337.0,661.0,5,EVA Air lsd,330,
337,338.0,662.0,5,Dragonair lsd,330,
338,339.0,663.0,5,Northwest AL,330,
339,340.0,664.0,5,China Southern AL,330,C
340,341.0,665.0,5,Eurofly lsd,330,
341,342.0,666.0,5,Egyptair,330,C
342,343.0,667.0,5,Air Algerie,330,C
343,344.0,669.0,5,Cathay Pacific AL lsd,330,
344,345.0,670.0,5,Iberworld lsd,330,
345,346.0,671.0,5,China AL,330,C
346,347.0,673.0,5,Cathay Pacific AL lsd,330,
347,348.0,674.0,5,Northwest AL,330,
348,349.0,675.0,5,China AL,330,C
349,350.0,676.0,5,Asiana AL,330,C
350,351.0,678.0,5,EVA Air,330,C
351,352.0,679.0,5,Cathay Pacific AL lsd,330,
352,353.0,680.0,5,Qatar AW,330,C
353,354.0,682.0,5,KLM,330,C
354,355.0,683.0,5,Egyptair,330,C
355,356.0,684.0,5,Qatar AW lsd,330,
356,357.0,686.0,5,KLM,330,C
357,358.0,687.0,5,Lufthansa,330,C
358,359.0,688.0,5,Etihad AW lsd,330,STD
359,360.0,690.0,5,Northwest AL,330,
360,361.0,691.0,5,China AL,330,C
361,362.0,692.0,5,Dragonair lsd,330,
362,363.0,693.0,5,EVA Air,330,C
363,364.0,695.0,5,Qantas,330,C
364,365.0,696.0,5,Egyptair,330,
365,366.0,697.0,5,THY Turkish AL,330,C
366,367.0,699.0,5,China AL,330,C
367,368.0,700.0,5,TAM lsd,330,
368,369.0,701.0,5,Lufthansa,330,
369,370.0,703.0,5,KLM,330,C
370,371.0,704.0,5,THY Turkish AL,330,C
371,372.0,705.0,5,Qantas,330,C
372,373.0,707.0,5,China AL,330,C
373,374.0,708.0,5,Asiana AL,330,C
374,375.0,711.0,5,Qatar AW,330,C
375,376.0,712.0,5,Qantas,330,C
376,377.0,713.0,5,China Eastern AL,330,
377,378.0,714.0,5,China AL,330,C
378,379.0,716.0,5,Dragonair lsd,330,
379,380.0,717.0,6,Etihad AW,330,
380,381.0,718.0,6,Northwest AL,330,
381,382.0,720.0,5,China Eastern AL,330,
382,383.0,721.0,6,Qatar AW,330,C
383,384.0,722.0,6,Northwest AL,330,
384,385.0,724.0,6,Etihad AW,330,STD
385,386.0,725.0,6,China AL lsd,330,
386,387.0,726.0,6,Egyptair,330,C
387,388.0,728.0,6,China Eastern AL,330,
388,389.0,729.0,6,Etihad AW,330,STD
389,390.0,730.0,6,Etihad AW,330,STD
390,391.0,732.0,6,China Eastern AL,330,
391,392.0,733.0,6,Air Europa lsd,330,
392,393.0,734.0,6,Qatar AW,330,C
393,394.0,735.0,6,China Eastern AL,330,
394,395.0,737.0,6,Etihad AW,330,STD
395,396.0,738.0,6,KLM,330,C
396,397.0,739.0,6,LTU Int'l AW lsd,330,
397,398.0,741.0,6,Dragonair lsd,330,
398,399.0,742.0,6,THY Turkish AL,330,C
399,400.0,743.0,6,Qatar AW,330,C
400,401.0,745.0,6,Air Europa lsd,330,
401,402.0,746.0,6,Qatar AW,330,C
402,403.0,747.0,6,Royal Australian AF,330,
403,404.0,749.0,6,Air Europa lsd,330,
404,405.0,750.0,6,Air China,330,C
405,406.0,751.0,6,Jet AW lsd,330,
406,407.0,752.0,6,China AL,330,C
407,408.0,754.0,6,THY Turkish AL,330,C
408,409.0,755.0,6,EVA AW,330,C
409,410.0,756.0,6,Air China,330,C
410,411.0,758.0,6,Air Caraibes lsd,330,C
411,412.0,759.0,6,Air China,330,C
412,413.0,760.0,6,Qatar AW,330,
413,414.0,769.0,6,China AL,330,
414,415.0,770.0,6,KLM,330,C
415,416.0,772.0,6,Asiana AL,330,C
416,417.0,773.0,6,China Eastern AL lsd,330,
417,418.0,774.0,6,THY Turkish AL,330,C
418,419.0,776.0,6,Cathay Pacific AW lsd,330,C
419,420.0,777.0,6,China Eastern AL,330,
420,421.0,778.0,6,Northwest AL,330,
421,422.0,780.0,6,Air China,330,C
422,423.0,781.0,6,China Eastern AL,330,
423,424.0,782.0,6,China Eastern AL,330,
424,425.0,784.0,6,Northwest AL,330,
425,426.0,785.0,6,Air China,330,STD
426,427.0,786.0,6,Dragonair lsd,330,
427,428.0,788.0,6,Etihad AW,330,STD
428,429.0,789.0,6,Qatar AW,330,
429,430.0,791.0,6,China Eastern AL,330,
430,431.0,792.0,6,Qatar AW,330,C
431,432.0,795.0,6,Thomas Cook AL lsd,330,
432,433.0,796.0,6,Northwest AL,330,
433,434.0,797.0,6,Air China,330,C
434,435.0,799.0,6,Northwest AL,330,
435,436.0,801.0,6,KLM,330,C
436,437.0,802.0,6,Eurofly lsd,330,
437,438.0,803.0,6,Asiana AL,330,C
438,439.0,806.0,6,Northwest AL,330,
439,440.0,807.0,6,Jet AW lsd,330,
440,441.0,809.0,7,Etihad AW,330,STD
441,442.0,810.0,6,Air China,330,
442,443.0,811.0,6,KLM lsd,330,
443,444.0,813.0,6,Qatar AW,330,C
444,445.0,814.0,7,Air Europa lsd,330,
445,446.0,815.0,7,Air China,330,
446,447.0,817.0,7,Northwest AL,330,
447,448.0,818.0,7,China Southern AL,330,
448,449.0,819.0,7,KLM lsd,330,
449,450.0,820.0,7,Qatar AW,330,
450,451.0,821.0,7,China Eastern AL,330,C
451,452.0,822.0,7,Air Comet lsd,330,
452,453.0,823.0,7,China AL,330,C
453,454.0,824.0,7,Etihad AW,330,
454,455.0,825.0,7,Jet AW slsd,330,
455,456.0,826.0,7,Qatar AW,330,C
456,457.0,827.0,7,Northwest AL,330,
457,458.0,828.0,7,LTU Int'l AW lsd,330,
458,459.0,830.0,7,China Eastern AL,330,
459,460.0,831.0,7,Jet AW lsd,330,
460,461.0,832.0,7,Etihad AW,330,
461,462.0,833.0,7,Iberworld lsd,330,
462,463.0,834.0,7,KLM lsd,330,
463,464.0,836.0,7,China Eastern AL,330,C
464,465.0,838.0,7,China AL,330,C
465,466.0,839.0,7,Air China,330,C
466,467.0,840.0,7,China Southern AL,330,
467,468.0,841.0,7,Aer Lingus,330,C
468,469.0,842.0,7,Jetstar AW lsd,330,
469,470.0,843.0,7,Northwest AL,330,
470,471.0,845.0,7,Asiana AL,330,C
471,472.0,847.0,7,Aer Lingus,330,C
472,473.0,849.0,7,Qatar AW,330,C
473,474.0,850.0,7,Cathay Pacific AW,330,C
474,475.0,851.0,7,China Eastern AL,330,C
475,476.0,852.0,7,Etihad AW,330,
476,477.0,853.0,7,Jetstar AW lsd,330,
477,478.0,854.0,7,Etihad AW,330,
478,479.0,855.0,7,Cathay Pacific AW,330,C
479,480.0,857.0,7,Northwest AL,330,
480,481.0,858.0,7,Northwest AL,330,
481,482.0,859.0,7,Northwest AL,330,
482,483.0,860.0,7,Air China,330,C
483,484.0,861.0,7,China AL,330,C
484,485.0,863.0,7,Midroc Aviation,330,
485,486.0,865.0,7,Northwest AL,330,
486,487.0,867.0,7,Air China,330,C
487,488.0,868.0,7,Etihad AW,330,
488,489.0,869.0,7,TAM,330,
489,490.0,873.0,7,Air China,330,C
490,491.0,874.0,8,Kingfisher AL slsd,330,
491,492.0,875.0,7,Hainan AL lsd,330,C
492,493.0,876.0,7,TAM,330,
493,494.0,877.0,7,TAP Air Portugal,330,
494,495.0,879.0,7,China Southern AL,330,
495,496.0,881.0,7,Hainan AL lsd,330,C
496,497.0,882.0,7,Jet AW lsd,330,
497,498.0,883.0,7,Air Mauritius,330,
498,499.0,884.0,7,Air China,330,C
499,500.0,885.0,7,Jet AW lsd,330,
500,501.0,887.0,7,Qantas,330,C
501,502.0,888.0,7,Jet AW lsd,330,
502,503.0,889.0,7,China Southern AL,330,
503,504.0,890.0,7,Air China,330,C
504,505.0,891.0,8,Kingfisher AL lsd,330,
505,506.0,892.0,7,Qantas lsd,330,
506,507.0,893.0,7,Qatar AW,330,
507,508.0,895.0,7,Cathay Pacific AW lsd,330,
508,509.0,896.0,8,Lufthansa,330,C
509,510.0,898.0,8,Qantas lsd,330,
510,511.0,899.0,8,TAP Air Portugal,330,
511,512.0,900.0,8,KLM lsd,330,
512,513.0,901.0,8,Jet AW lsd,330,
513,514.0,903.0,8,Air China,330,C
514,515.0,904.0,8,TAP Air Portugal,330,STD
515,516.0,905.0,8,Lufthansa,330,C
516,517.0,906.0,8,Hainan AL lsd,330,C
517,518.0,907.0,8,Qatar AW,330,C
518,519.0,908.0,8,China Southern AL,330,
519,520.0,909.0,8,Air China,330,C
520,521.0,911.0,8,Air Berlin,330,
521,522.0,913.0,8,Lufthansa,330,C
522,523.0,914.0,8,TAP Air Portugal,330,C
523,524.0,915.0,8,Cathay Pacific AW lsd,330,
524,525.0,916.0,8,China Eastern AL,330,C
525,526.0,918.0,8,Qatar AW,330,C
526,527.0,919.0,8,Hainan AL lsd,330,
527,528.0,920.0,8,China AL lsd,330,C
528,529.0,922.0,8,Lufthansa,330,C
529,530.0,923.0,8,Jet AW lsd,330,
530,531.0,925.0,8,KLM lsd,330,
531,532.0,926.0,8,MEA - Middle East AL,330,
532,533.0,927.0,8,Kingfisher AL lsd,330,
533,534.0,928.0,8,China Eastern AL,330,C
534,535.0,930.0,8,Air China,330,C
535,536.0,931.0,8,Air Europa lsd,330,
536,537.0,932.0,8,Jet AW lsd,330,
537,538.0,934.0,8,TAP Air Portugal,330,C
538,539.0,935.0,8,China Southern AL,330,
539,540.0,936.0,8,China Eastern AL,330,C
540,541.0,937.0,8,China Southern AL,330,
541,542.0,939.0,8,Kingfisher AL lsd,330,
542,543.0,940.0,8,Qantas lsd,330,
543,544.0,941.0,8,Air China,330,C
544,545.0,942.0,8,China Eastern AL,330,C
545,546.0,943.0,8,Air Comet lsd,330,
546,547.0,944.0,8,Air China,330,C
547,548.0,945.0,8,Qantas lsd,330,
548,549.0,946.0,8,Kingfisher AL lsd,330,
549,550.0,947.0,8,Jet AW lsd,330,
550,551.0,948.0,8,Avianca lsd,330,
551,552.0,949.0,8,TAM,330,
552,553.0,950.0,8,Air Europa lsd,330,
553,554.0,951.0,8,Royal Australian AF,330,
554,555.0,952.0,8,AirAsia X,330,
555,556.0,954.0,8,China Southern AL,330,
556,557.0,956.0,8,Jet AW slsd,330,
557,558.0,957.0,8,Air China,330,C
558,559.0,958.0,8,China Southern AL,330,
559,560.0,959.0,8,Cathay Pacific AW lsd,330,
560,561.0,961.0,8,TAM,330,
561,562.0,962.0,8,Air Comet,330,
562,563.0,963.0,8,Aeroflot lsd,330,
563,564.0,964.0,8,China Southern AL,330,
564,565.0,965.0,8,Air Caraibes lsd,330,
565,566.0,966.0,8,Mexicana lsd,330,
566,567.0,967.0,8,Avianca slsd,330,
567,568.0,968.0,8,TAM,330,
568,569.0,969.0,8,MTAD,330,
569,570.0,970.0,8,Air Comet lsd,330,
570,571.0,971.0,8,Mexicana lsd,330,
571,572.0,973.0,8,Aeroflot lsd,330,
572,573.0,974.0,8,AirAsia X,330,
573,574.0,975.0,8,Etihad AW lsd,330,
574,575.0,976.0,8,Qantas lsd,330,C
575,576.0,977.0,8,TAM,330,
576,577.0,978.0,8,Singapore AL lsd,330,
577,578.0,979.0,8,Air Comet lsd,330,
578,579.0,980.0,9,MTAD,330,
579,580.0,982.0,9,Hainan AL lsd,330,C
580,581.0,983.0,9,Singapore AL lsd,330,
581,582.0,984.0,9,MEA - Middle East AL,330,C
582,583.0,985.0,8,Aer Lingus,330,C
583,584.0,986.0,9,Singapore AL lsd,330,
584,585.0,988.0,9,Garuda Indonesian AW lsd,330,
585,586.0,989.0,9,Lufthansa,330,C
586,587.0,990.0,9,Thai AW Int,330,C
587,588.0,991.0,9,Etihad AW lsd,330,
588,589.0,992.0,9,Gulf Air,330,
589,590.0,994.0,9,Finnair lsd,330,C
590,591.0,995.0,9,MEA - Middle East AL,330,C
591,592.0,996.0,9,MTAD,330,
592,593.0,997.0,9,Singapore AL,330,
593,594.0,998.0,8,MEA - Middle East AL,330,C
594,595.0,999.0,9,Afriqiyah AW,330,W/O
595,596.0,1000.0,9,Swiss Int'l AL,330,C
596,597.0,1001.0,9,Asiana AL lsd,330,C
597,598.0,1002.0,9,HSH Nordbank,330,
598,599.0,1003.0,9,Thai AW Int,330,C
599,600.0,1006.0,9,Singapore AL lsd,330,
600,601.0,1007.0,9,Finnair lsd,330,C
601,602.0,1008.0,9,Hi Fly lsd,330,
602,603.0,1009.0,9,Avianca lsd,330,C
603,604.0,1010.0,9,Singapore AL,330,
604,605.0,1011.0,9,US AW,330,
605,606.0,1012.0,9,Singapore AL lsd,330,
606,607.0,1013.0,9,Finnair lsd,330,STD
607,608.0,1014.0,9,Aeroflot lsd,330,
608,609.0,1015.0,9,Singapore AL lsd,330,
609,610.0,1016.0,9,Avianca lsd,330,
610,611.0,1018.0,9,Swiss Int'l AL,330,C
611,612.0,1019.0,9,HSH Nordbank,330,
612,613.0,1020.0,9,Garuda Indonesian AW lsd,330,
613,614.0,1021.0,9,Air Caraibes lsd,330,
614,615.0,1022.0,9,US AW,330,
615,616.0,1023.0,9,Finnair,330,C
616,617.0,1024.0,9,Afriqiyah AW,330,W/O
617,618.0,1025.0,9,Aer Lingus,330,
618,619.0,1026.0,9,Swiss Int'l AL,330,C
619,620.0,1028.0,9,Garuda Indonesian AW lsd,330,
620,621.0,1029.0,9,Swiss Int'l AL,330,C
621,622.0,1031.0,9,Hong Kong AL,330,C
622,623.0,1033.0,9,MTAD,330,
623,624.0,1034.0,10,Hainan AL lsd,330,
624,625.0,1035.0,9,Thai AW Int,330,C
625,626.0,1037.0,9,Thai AW Int,330,C
626,627.0,1038.0,9,Oman Air lsd,330,C
627,628.0,1039.0,9,Hong Kong AL,330,C
628,629.0,1041.0,9,US AW lsd,330,
629,630.0,1042.0,9,Hong Kong AL,330,C
630,631.0,1043.0,9,Afriqiyah AW,330,STD
631,632.0,1044.0,9,Oman Air,330,C
632,633.0,1045.0,9,Aeroflot lsd,330,
633,634.0,1046.0,9,MTAD,330,
634,635.0,1047.0,9,Aeroflot lsd,330,
635,636.0,1048.0,9,AirAsia X,330,C
636,637.0,1049.0,9,Oman Air lsd,330,C
637,638.0,1052.0,9,Garuda Indonesian AW lsd,330,
638,639.0,1053.0,9,Comlux Aviation,330,
639,640.0,1054.0,10,Hong Kong AL,330,C
640,641.0,1055.0,9,Asiana AL lsd,330,C
641,642.0,1057.0,9,Air Mauritius,330,
642,643.0,1058.0,9,Aeroflot lsd,330,
643,644.0,1059.0,10,Hong Kong AL lsd,330,C
644,645.0,1060.0,9,Thai AW Int,330,C
645,646.0,1061.0,9,Qantas lsd,330,C
646,647.0,1063.0,9,Oman Air,330,C
647,648.0,1065.0,9,Aeroflot lsd,330,
648,649.0,1066.0,9,AirAsia X,330,C
649,650.0,1067.0,9,Finnair lsd,330,C
650,651.0,1069.0,9,US AW lsd,330,
651,652.0,1071.0,9,Etihad AW,330,STD
652,653.0,1072.0,9,Aeroflot lsd,330,
653,654.0,1073.0,9,Avianca slsd,330,STD
654,655.0,1074.0,9,Thai AW Int,330,C
655,656.0,1075.0,9,AirAsia X,330,C
656,657.0,1076.0,9,US AW lsd,330,
657,658.0,1077.0,9,Aeroflot lsd,330,
658,659.0,1078.0,9,Finnair,330,STD
659,660.0,1080.0,9,MTAD,330,
660,661.0,1081.0,9,Etihad AL,330,STD
661,662.0,1082.0,10,Sichuan AL lsd,330,
662,663.0,1084.0,9,Swiss Int'l AL,330,C
663,664.0,1085.0,9,Singapore AL lsd,330,
664,665.0,1086.0,10,Thai AW Int,330,C
665,666.0,1087.0,10,Air China,330,C
666,667.0,1088.0,10,Finnair,330,C
667,668.0,1089.0,10,Swiss Int'l AL,330,C
668,669.0,1090.0,10,Thai AW Int,330,C
669,670.0,1093.0,10,Oman Air,330,C
670,671.0,1094.0,10,Qantas lsd,330,C
671,672.0,1095.0,10,US AW,330,
672,673.0,1096.0,10,China Southern AL,330,C
673,674.0,1097.0,10,Iberworld lsd,330,
674,675.0,1098.0,10,Singapore AL lsd,330,
675,676.0,1099.0,10,Singapore AL lsd,330,
676,677.0,1100.0,10,US AW,330,
677,678.0,1101.0,10,Swiss Int'l AL,330,C
678,679.0,1103.0,9,Aeroflot lsd,330,
679,680.0,1104.0,10,Hawaiian AL lsd,330,C
680,681.0,1105.0,10,Singapore AL lsd,330,
681,682.0,1106.0,10,Aer Lingus,330,
682,683.0,1107.0,10,Singapore AL lsd,330,
683,684.0,1108.0,10,Saudi Arabian AL,330,C
684,685.0,1110.0,10,Air China,330,C
685,686.0,1112.0,10,TAM,330,
686,687.0,1114.0,10,Hawaiian AL,330,C
687,688.0,1116.0,10,China Southern AL,330,C
688,689.0,1118.0,10,TAM lsd,330,
689,690.0,1120.0,10,Oman Air,330,C
690,691.0,1123.0,10,Alitalia lsd,330,
691,692.0,1124.0,10,Singapore AL lsd,330,
692,693.0,1126.0,10,AirAsia X,330,C
693,694.0,1127.0,10,Saudi Arabian AL,330,C
694,695.0,1129.0,10,China Southern AL,330,C
695,696.0,1130.0,10,Air China,330,C
696,697.0,1131.0,10,AirAsia X,330,C
697,698.0,1132.0,10,Singapore AL lsd,330,
698,699.0,1133.0,10,Korean Air,330,C
699,700.0,1135.0,10,Alitalia lsd,330,
700,701.0,1137.0,10,Saudi Arabian AL,330,C
701,702.0,1138.0,10,Sichuan AL lsd,330,C
702,703.0,1141.0,10,Saudi Arabian AL,330,C
703,704.0,1143.0,10,Egyptair,330,C
704,705.0,1145.0,10,Swiss Int'l AL,330,C
705,706.0,1146.0,10,Singapore AL lsd,330,
706,707.0,1147.0,10,Saudi Arabian AL,330,C
707,708.0,1149.0,10,Singapore AL lsd,330,
708,709.0,1150.0,10,THY Turkish AL,330,C
709,710.0,1151.0,10,Asiana AL lsd,330,C
710,711.0,1153.0,10,Saudi Arabian AL,330,C
711,712.0,1155.0,10,Korean Air,330,C
712,713.0,1156.0,10,Singapore AL lsd,330,
713,714.0,1157.0,10,Singapore AL lsd,330,
714,715.0,1159.0,10,Hainan AL lsd,330,C
715,716.0,1160.0,10,THY Turkish AL,330,C
716,717.0,1161.0,10,KLM,330,
717,718.0,1163.0,10,Cathay Pacific AW,330,C
718,719.0,1165.0,10,AirAsia X,330,
719,720.0,1167.0,10,Etihad AW,330,STD
720,721.0,1168.0,10,Hainan AL lsd,330,C
721,722.0,1169.0,10,Qantas lsd,330,C
722,723.0,1170.0,10,THY Turkish AL,330,C
723,724.0,1171.0,10,Hawaiian AL lsd,330,C
724,725.0,1172.0,10,THY Turkish AL,330,C
725,726.0,1173.0,10,Finnair,330,C
726,727.0,1174.0,10,Qantas lsd,330,C
727,728.0,1177.0,10,China AL lsd,330,C
728,729.0,1178.0,10,Hainan AL lsd,330,C
729,730.0,1181.0,10,Swiss Int'l AL,330,C
730,731.0,1183.0,10,MTAD,330,
731,732.0,1184.0,10,Garuda Indonesian AW lsd,330,C
732,733.0,1186.0,10,MTAD,330,
733,734.0,1187.0,10,Air China,330,C
734,735.0,1188.0,10,Swiss Int'l AL,330,C
735,736.0,1189.0,10,Saudi Arabian AL,330,C
736,737.0,1190.0,10,Hainan AL lsd,330,C
737,738.0,1191.0,11,South African AW,330,
738,739.0,1192.0,11,Saudi Arabian AL,330,C
739,740.0,1193.0,11,Edelweiss Air lsd,330,
740,741.0,1195.0,11,Virgin Atlantic AW,330,C
741,742.0,1196.0,11,Cathay Pacific,330,C
742,743.0,1198.0,11,Jetstar AW slsd,330,
743,744.0,1199.0,11,Air China,330,C
744,745.0,1200.0,11,Korean Air,330,C
745,746.0,1201.0,11,Virgin Atlantic AW lsd,330,C
746,747.0,1202.0,11,China Southern AL,330,C
747,748.0,1203.0,11,Korean Air,330,C
748,749.0,1204.0,11,THY Turkish AL,330,C
749,750.0,1205.0,11,Etihad AW,330,STD
750,751.0,1206.0,11,China AL lsd,330,
751,752.0,1208.0,11,Avianca lsd,330,
752,753.0,1209.0,11,Malaysian AS,330,C
753,754.0,1210.0,11,South African AW lsd,330,
754,755.0,1211.0,11,Asiana lsd,330,C
755,756.0,1212.0,11,THY Turkish AL,330,C
756,757.0,1213.0,11,TAM,330,
757,758.0,1214.0,11,Garuda Indonesian AW lsd,330,C
758,759.0,1215.0,11,China AL slsd,330,
759,760.0,1216.0,11,Air China,330,C
760,761.0,1217.0,11,Hawaiian AL,330,C
761,762.0,1218.0,11,Alitalia lsd,330,STD
762,763.0,1219.0,11,Malaysian AS,330,C
763,764.0,1220.0,11,China Southern AL,330,C
764,765.0,1221.0,11,TAM,330,
765,766.0,1222.0,11,Cathay Pacific,330,C
766,767.0,1223.0,11,South African AW lsd,330,
767,768.0,1224.0,11,Avianca lsd,330,
768,769.0,1225.0,11,Alitalia lsd,330,STD
769,770.0,1226.0,11,Etihad AW,330,STD
770,771.0,1228.0,11,THY Turkish AL,330,C
771,772.0,1229.0,11,Malaysian AS,330,C
772,773.0,1230.0,11,Egyptair,330,C
773,774.0,1231.0,11,Virgin Atlantic AW lsd,330,
774,775.0,1232.0,11,Aeroflot,330,
775,776.0,1233.0,11,China Southern AL,330,C
776,777.0,1234.0,11,Malaysian AS,330,C
777,778.0,1235.0,11,MTAD,330,
778,779.0,1236.0,11,South African AW lsd,330,
779,780.0,1237.0,11,Air China,330,C
780,781.0,1238.0,11,Egyptair,330,C
781,782.0,1239.0,11,Cathay Pacific AW,330,C
782,783.0,1240.0,11,Turkish Government,330,C
783,784.0,1241.0,11,Sichuan AL lsd,330,C
784,785.0,1243.0,11,Malaysian AS,330,C
785,786.0,1244.0,11,China Southern AL,330,C
786,787.0,1245.0,11,Etihad AW,330,STD
787,788.0,1246.0,11,Egyptair,330,C
788,789.0,1247.0,11,Aeroflot,330,
789,790.0,1248.0,11,MTAD,330,
790,791.0,1249.0,11,South African AW lsd,330,
791,792.0,1250.0,11,MTAD,330,
792,793.0,1251.0,11,Jetstar AW lsd,330,
793,794.0,1252.0,11,Alitalia lsd,330,
794,795.0,1254.0,11,EVA Air lsd,330,C
795,796.0,1255.0,11,Hainan AL lsd,330,C
796,797.0,1256.0,11,Vietnam AL lsd,330,
797,798.0,1258.0,11,Jetstar AW slsd,330,
798,799.0,1259.0,11,Hawaiian AL,330,C
799,800.0,1260.0,11,Air China lsd,330,C
800,801.0,1261.0,11,Garuda Indonesian AW lsd,330,
801,802.0,1262.0,11,China Eastern AL,330,C
802,803.0,1263.0,11,Thai AW Int,330,C
803,804.0,1264.0,11,Aeroflot lsd,330,
804,805.0,1265.0,11,Air Caraibes,330,
805,806.0,1266.0,11,Vietnam AL lsd,330,
806,807.0,1267.0,11,China Eastern AL,330,C
807,808.0,1268.0,11,EVA Air lsd,330,C
808,809.0,1269.0,11,Thai AW Int,330,C
809,810.0,1270.0,11,Aeroflot,330,
810,811.0,1271.0,11,South African AW lsd,330,
811,812.0,1272.0,11,China AL lsd,330,C
812,813.0,1274.0,11,EVA Air lsd,330,C
813,814.0,1275.0,11,MTAD,330,
814,815.0,1276.0,11,Swiss Int'l AL,330,C
815,816.0,1277.0,11,Hong Kong AL,330,
816,817.0,1278.0,11,China AL lsd,330,C
817,818.0,1279.0,11,Avianca lsd,330,
818,819.0,1280.0,11,China Eastern AL,330,C
819,820.0,1281.0,11,Malaysian AS,330,C
820,821.0,1282.0,11,Air China,330,C
821,822.0,1283.0,11,Alitalia lsd,330,
822,823.0,1284.0,12,Aeroflot,330,
823,824.0,1285.0,12,Cathay Pacific AW,330,C
824,825.0,1286.0,12,Hong Kong AL,330,
825,826.0,1287.0,12,KLM lsd,330,C
826,827.0,1288.0,12,Garuda Indonesian AW lsd,330,C
827,828.0,1289.0,12,Thai AW Int,330,
828,829.0,1290.0,12,Swiss Int'l AL,330,C
829,830.0,1291.0,12,China Eastern AL,330,
830,831.0,1292.0,12,Lufthansa,330,C
831,832.0,1293.0,12,Virgin Australia AL lsd,330,
832,833.0,1294.0,12,KLM lsd,330,C
833,834.0,1295.0,12,Hawaiian AL,330,C
834,835.0,1296.0,12,Virgin Atlantic AW,330,C
835,836.0,1297.0,12,China Southern AL,330,C
836,837.0,1298.0,12,THY Turkish AL,330,C
837,838.0,1299.0,12,Aeroflot,330,
838,839.0,1300.0,12,KLM lsd,330,C
839,840.0,1301.0,12,Aeroflot,330,
840,841.0,1302.0,12,Hawaiian AL,330,C
841,842.0,1303.0,12,China Eastern AL,330,
842,843.0,1304.0,12,Air China,330,C
843,844.0,1305.0,12,Lufthansa,330,C
844,845.0,1306.0,12,Virgin Australia AL lsd,330,
845,846.0,1307.0,12,THY Turkish AL,330,C
846,847.0,1308.0,12,Alitalia lsd,330,
847,848.0,1309.0,12,China Southern AL,330,C
848,849.0,1310.0,12,Hawaiian AL lsd,330,C
849,850.0,1311.0,12,THY Turkish AL,330,C
850,851.0,1312.0,12,MTAD,330,
851,852.0,1313.0,12,Alitalia lsd,330,STD
852,853.0,1314.0,12,Lufthansa,330,C
853,854.0,1315.0,12,Virgin Atlantic AW lsd,330,C
854,855.0,1316.0,12,Hawaiian AL lsd,330,C
855,856.0,1317.0,12,Cathay Pacific AL lsd,330,C
856,857.0,1318.0,12,Malaysian AS,330,C
857,858.0,1319.0,12,Virgin Australia AL lsd,330,STD
858,859.0,1321.0,12,Hong Kong Jet,330,
859,860.0,1322.0,12,Hong Kong AL,330,
860,861.0,1323.0,12,Aeroflot,330,
861,862.0,1324.0,12,China Eastern AL,330,C
862,863.0,1325.0,12,Hainan AL lsd,330,C
863,864.0,1326.0,12,Asiana AL lsd,330,C
864,865.0,1327.0,12,Alitalia lsd,330,
865,866.0,1328.0,12,Aeroflot,330,
866,867.0,1329.0,12,Virgin Atlantic AW,330,C
867,868.0,1330.0,12,Air China,330,C
868,869.0,1331.0,12,China Eastern AL,330,C
869,870.0,1333.0,12,Air China,330,C
870,871.0,1334.0,12,MTAD,330,
871,872.0,1335.0,12,China Southern AL,330,C
872,873.0,1336.0,12,Malaysian AS,330,C
873,874.0,1337.0,12,Malaysian AS,330,C
874,875.0,1338.0,12,Thai AW Int,330,C
875,876.0,1339.0,12,Iraqi AW,330,C
876,877.0,1340.0,12,Asiana AL lsd,330,C
877,878.0,1341.0,12,Virgin Atlantic AW,330,C
878,879.0,1342.0,12,Avianca lsd,330,C
879,880.0,1343.0,12,Cathay Pacific AW,330,C
880,881.0,1345.0,12,Aeroflot,330,
881,882.0,1346.0,12,China AL lsd,330,C
882,883.0,1347.0,12,Malaysian AS,330,C
883,884.0,1348.0,12,Thai AW Int,330,
884,885.0,1349.0,12,Cathay Pacific AW,330,C
885,886.0,1351.0,12,Jet AW lsd,330,
886,887.0,1352.0,12,Virgin Atlantic AW,330,C
887,888.0,1353.0,12,Air China,330,C
888,889.0,1354.0,12,Alitalia lsd,330,
889,890.0,1355.0,12,Swiss Int'l AL,330,
890,891.0,1356.0,12,Aeroflot,330,
891,892.0,1357.0,12,Transasia AW,330,
892,893.0,1358.0,12,Hong Kong AL,330,C
893,894.0,1359.0,12,Corsair lsd,330,C
894,895.0,1360.0,12,XL AW France lsd,330,
895,896.0,1361.0,12,Jet AW lsd,330,
896,897.0,1362.0,12,Cathay Pacific AW,330,C
897,898.0,1363.0,12,MTAD,330,
898,899.0,1364.0,12,Garuda Indonesian AW,330,
899,900.0,1365.0,12,Qantas lsd,330,C
900,901.0,1366.0,12,Cathay Pacific AW,330,C
901,902.0,1367.0,12,China AL lsd,330,C
902,903.0,1369.0,12,Hong Kong AL,330,
903,904.0,1370.0,12,Jet AW lsd,330,
904,905.0,1371.0,12,Aeroflot,330,
905,906.0,1372.0,12,China Eastern AL,330,C
906,907.0,1373.0,12,Air China,330,C
907,908.0,1374.0,12,Thai AW Int,330,STD
908,909.0,1375.0,12,China Eastern AL,330,C
909,910.0,1376.0,12,Corsair lsd,330,C
910,911.0,1377.0,13,Iberia,330,C
911,912.0,1378.0,13,Transasia AW,330,
912,913.0,1379.0,13,MTAD,330,C
913,914.0,1381.0,13,KLM,330,C
914,915.0,1382.0,13,Singapore AL lsd,330,
915,916.0,1383.0,12,Air China,330,C
916,917.0,1384.0,13,Hong Kong AL,330,C
917,918.0,1385.0,13,Iberia,330,C
918,919.0,1387.0,13,Cathay Pacific AW,330,C
919,920.0,1388.0,13,Malaysian AS,330,C
920,921.0,1389.0,13,Hawaiian AL lsd,330,C
921,922.0,1390.0,13,MTAD,330,
922,923.0,1391.0,13,Jet AW lsd,330,
923,924.0,1392.0,13,China Southern AL,330,C
924,925.0,1393.0,13,Korean Air,330,C
925,926.0,1394.0,13,Air Pacific,330,
926,927.0,1395.0,13,Malaysian AS,330,C
927,928.0,1396.0,13,Air China,330,C
928,929.0,1397.0,13,Sichuan AL lsd,330,C
929,930.0,1398.0,13,Hong Kong AL,330,C
930,931.0,1399.0,13,Hawaiian AL,330,C
931,932.0,1400.0,13,Avianca lsd,330,
932,933.0,1401.0,13,Singapore AL lsd,330,
933,934.0,1402.0,13,China Eastern AL,330,
934,935.0,1403.0,13,Swiss Int'l AL,330,C
935,936.0,1404.0,13,Hawaiian AL lsd,330,C
936,937.0,1405.0,13,Iberia,330,C
937,938.0,1407.0,13,Virgin Australia AL lsd,330,
938,939.0,1408.0,13,Thai AW Int,330,
939,940.0,1409.0,13,Cathay Pacific AW,330,C
940,941.0,1410.0,13,Garuda Indonesian AW,330,C
941,942.0,1411.0,13,AirAsia X,330,C
942,943.0,1412.0,13,Libyan AL,330,C
943,944.0,1413.0,13,Air China,330,C
944,945.0,1415.0,13,US AW,330,
945,946.0,1416.0,13,Air Pacific,330,
946,947.0,1417.0,13,US AW,330,
947,948.0,1419.0,13,MTAD,330,
948,949.0,1420.0,13,Cebu Pacific AL lsd,330,
949,950.0,1421.0,13,China Eastern AL,330,
950,951.0,1422.0,13,Hawaiian AL,330,C
951,952.0,1423.0,13,AirAsia X,330,C
952,953.0,1424.0,13,Libyan AL,330,W/O
953,954.0,1425.0,13,China Southern AL,330,C
954,955.0,1426.0,13,Iberia,330,C
955,956.0,1427.0,13,Singapore AL lsd,330,
956,957.0,1429.0,13,China Eastern AL,330,
957,958.0,1430.0,13,China Southern AL,330,C
958,959.0,1431.0,13,Malaysian AS,330,C
959,960.0,1432.0,13,Sichuan AL lsd,330,C
960,961.0,1433.0,13,AirAsia X,330,
961,962.0,1434.0,13,Air China,330,C
962,963.0,1435.0,13,Asiana AL lsd,330,C
963,964.0,1436.0,13,Cathay Pacific AW,330,C
964,965.0,1437.0,13,Iberia,330,C
965,966.0,1438.0,13,Hainan AL lsd,330,C
966,967.0,1439.0,13,MTAD,330,
967,968.0,1440.0,13,China Eastern AL,330,
968,969.0,1441.0,13,US AW,330,
969,970.0,1443.0,13,Cathay Pacific AW,330,C
970,971.0,1444.0,13,Air China,330,C
971,972.0,1445.0,13,Cebu Pacific AL lsd,330,
972,973.0,1446.0,13,Garuda Indonesian AW,330,C
973,974.0,1447.0,13,Singapore AL lsd,330,
974,975.0,1449.0,13,Philippine AL,330,C
975,976.0,1450.0,13,China AL lsd,330,C
976,977.0,1451.0,13,Air Namibia lsd,330,
977,978.0,1452.0,13,Virgin Australia AL lsd,330,
978,979.0,1453.0,13,Singapore AL lsd,330,
979,980.0,1454.0,13,Saudi Arabian AL,330,C
980,981.0,1455.0,13,US AW,330,
981,982.0,1456.0,13,Philippine AL,330,C
982,983.0,1457.0,13,Dragonair lsd,330,
983,984.0,1458.0,13,THY Turkish AL,330,C
984,985.0,1459.0,13,Air China,330,C
985,986.0,1460.0,13,Philippine AL,330,C
986,987.0,1461.0,13,China Eastern AL,330,C
987,988.0,1462.0,13,Saudi Arabian AL,330,C
988,989.0,1463.0,13,Philippine AL,330,C
989,990.0,1464.0,13,Asiana AL lsd,330,C
990,991.0,1465.0,13,Fiji AW,330,C
991,992.0,1466.0,13,Air Namibia lsd,330,
992,993.0,1467.0,13,Philippine AL,330,
993,994.0,1468.0,13,China Eastern AL,330,C
994,995.0,1469.0,13,Hawaiian AL,330,C
995,996.0,1470.0,13,Malaysian AS,330,C
996,997.0,1471.0,13,Air China lsd,330,C
997,998.0,1472.0,13,Afriqiyah AW,330,STD
998,999.0,1473.0,13,Saudi Arabian AL,330,C
999,1000.0,1474.0,13,Garuda Indonesian AW,330,C
1000,1001.0,1475.0,13,Philippine AL,330,
1001,1002.0,1476.0,13,THY Turkish AL,330,C
1002,1003.0,1477.0,13,Singapore AL lsd,330,
1003,1004.0,1478.0,13,MTAD,330,
1004,1005.0,1479.0,13,China Eastern AL,330,C
1005,1006.0,1480.0,13,American AL,330,STD
1006,1007.0,1481.0,13,AirAsia X,330,STD
1007,1008.0,1482.0,13,Philippine AL,330,
1008,1009.0,1483.0,13,Skymark AL lsd,330,
1009,1010.0,1484.0,13,China Eastern AL,330,C
1010,1011.0,1485.0,14,Singapore AL lsd,330,
1011,1012.0,1486.0,13,Etihad AW,330,
1012,1013.0,1487.0,13,THY Turkish AL,330,C
1013,1014.0,1488.0,14,Hawaiian AL,330,C
1014,1015.0,1489.0,14,Malaysian AS,330,C
1015,1016.0,1490.0,13,Iberia,330,C
1016,1017.0,1491.0,14,Skymark AL lsd,330,
1017,1018.0,1492.0,14,Avianca lsd,330,
1018,1019.0,1493.0,14,Air China,330,C
1019,1020.0,1494.0,13,China Southern AL,330,C
1020,1021.0,1495.0,14,Cebu Pacific AL lsd,330,
1021,1022.0,1496.0,14,Hawaiian AL,330,C
1022,1023.0,1497.0,14,Lufthansa,330,C
1023,1024.0,1498.0,14,MTAD,330,
1024,1025.0,1499.0,14,Afriqiyah AW,330,
1025,1026.0,1500.0,14,China Eastern AL,330,C
1026,1027.0,1501.0,14,THY Turkish AL,330,C
1027,1028.0,1502.0,14,American AL,330,STD
1028,1029.0,1503.0,14,Cathay Pacific AW,330,
1029,1030.0,1504.0,14,Philippine AL,330,C
1030,1031.0,1505.0,14,Libyan AL,330,C
1031,1032.0,1507.0,14,Iberia,330,C
1032,1033.0,1508.0,14,Avianca slsd,330,
1033,1034.0,1509.0,13,Air China,330,C
1034,1035.0,1510.0,14,Philippine AL lsd,330,STD
1035,1036.0,1511.0,14,Hawaiian AL,330,C
1036,1037.0,1512.0,14,American AL,330,STD
1037,1038.0,1513.0,14,Saudi Arabian AL,330,C
1038,1039.0,1514.0,14,THY Turkish AL,330,C
1039,1040.0,1515.0,14,Iberia,330,C
1040,1041.0,1516.0,14,MTAD,330,
1041,1042.0,1517.0,14,Singapore AL lsd,330,
1042,1043.0,1518.0,14,Asiana AL lsd,330,C
1043,1044.0,1519.0,14,China Southern AL,330,C
1044,1045.0,1520.0,14,China Eastern AL,330,C
1045,1046.0,1521.0,14,Etihad AW,330,
1046,1047.0,1522.0,14,THY Turkish AL,330,STD
1047,1048.0,1523.0,14,Cathay Pacific AW,330,
1048,1049.0,1525.0,14,Air China,330,C
1049,1050.0,1526.0,14,American AL,330,STD
1050,1051.0,1527.0,14,Cebu Pacific AL lsd,330,C
1051,1052.0,1528.0,14,Sichuan AL lsd,330,C
1052,1053.0,1529.0,14,THY Turkish AL,330,C
1053,1054.0,1530.0,14,Hawaiian AL,330,C
1054,1055.0,1531.0,14,Philippine AL lsd,330,
1055,1056.0,1532.0,14,Hainan AL lsd,330,C
1056,1057.0,1533.0,14,AirAsia X,330,
1057,1058.0,1535.0,14,Afriqiyah AW,330,
1058,1059.0,1536.0,14,China Southern AL,330,C
1059,1060.0,1537.0,14,China Eastern AL,330,C
1060,1061.0,1538.0,14,Air China,330,C
1061,1062.0,1539.0,14,China AL lsd,330,C
1062,1063.0,1540.0,14,Avianca lsd,330,
1063,1064.0,1541.0,14,Air China,330,C
1064,1065.0,1542.0,14,Skymark AL lsd,330,
1065,1066.0,1543.0,14,Libyan AL,330,C
1066,1067.0,1544.0,14,Singapore AL lsd,330,
1067,1068.0,1545.0,14,Cathay Pacific AW,330,
1068,1069.0,1546.0,14,Philippine AL,330,C
1069,1070.0,1547.0,14,China Eastern AL,330,C
1070,1071.0,1548.0,14,Garuda Indonesian AW,330,C
1071,1072.0,1549.0,14,AirAsia X,330,
1072,1073.0,1551.0,14,China Eastern AL,330,C
1073,1074.0,1552.0,14,Cebu Pacific AL lsd,330,C
1074,1075.0,1553.0,14,Philippine AL,330,C
1075,1076.0,1554.0,14,Skymark AL lsd,330,
1076,1077.0,1555.0,14,MTAD,330,
1077,1078.0,1556.0,14,Korean Air,330,C
1078,1079.0,1557.0,14,Cathay Pacific AW,330,
1079,1080.0,1558.0,14,Hainan AL lsd,330,C
1080,1081.0,1559.0,14,Philippine AL,330,
1081,1082.0,1560.0,14,Garuda Indonesian AW lsd,330,C
1082,1083.0,1561.0,14,Virgin Australia AL lsd,330,
1083,1084.0,1562.0,14,Singapore AL lsd,330,
1084,1085.0,1563.0,14,Air China,330,C
1085,1086.0,1564.0,14,SriLankan AL lsd,330,C
1086,1087.0,1565.0,14,Hawaiian AL,330,C
1087,1088.0,1566.0,14,Philippine AL,330,C
1088,1089.0,1567.0,14,Cathay Pacific AW,330,
1089,1090.0,1568.0,14,Philippine AL lsd,330,C
1090,1091.0,1569.0,14,China Eastern AL,330,C
1091,1092.0,1570.0,14,Air China,330,C
1092,1093.0,1571.0,14,THY Turkish AL,330,C
1093,1094.0,1572.0,14,Oman Air,330,C
1094,1095.0,1573.0,14,Hainan AL lsd,330,C
1095,1096.0,1574.0,14,Skymark AL lsd,330,
1096,1097.0,1575.0,14,China Southern AL,330,C
1097,1098.0,1576.0,14,Korean Air,330,C
1098,1099.0,1577.0,14,Garuda Indonesian AW lsd,330,C
1099,1100.0,1579.0,14,Sichuan AL lsd,330,C
1100,1101.0,1580.0,14,KLM lsd,330,C
1101,1102.0,1581.0,14,AirAsia X,330,C
1102,1103.0,1582.0,14,Oman Air,330,C
1103,1104.0,1583.0,14,SriLankan AL lsd,330,C
1104,1105.0,1585.0,14,Garuda Indonesian AW lsd,330,C
1105,1106.0,1586.0,14,Synergy Aerospace,330,
1106,1107.0,1587.0,14,Air China,330,W/O
1107,1108.0,1588.0,14,China Eastern AL,330,C
1108,1109.0,1589.0,14,AirAsia X,330,C
1109,1110.0,1590.0,14,Korean Air,330,C
1110,1111.0,1591.0,14,Hainan AL lsd,330,C
1111,1112.0,1592.0,14,IAP,330,
1112,1113.0,1593.0,15,China Southern AL,330,C
1113,1114.0,1595.0,14,China Eastern AL,330,C
1114,1115.0,1596.0,15,AirAsia X,330,
1115,1116.0,1597.0,15,Singapore AL lsd,330,
1116,1117.0,1598.0,15,Cathay Pacific AW,330,
1117,1118.0,1599.0,15,Oman Air,330,C
1118,1119.0,1600.0,15,AirAsia X,330,
1119,1120.0,1601.0,15,MTAD,330,
1120,1121.0,1602.0,15,Cebu Pacific AL lsd,330,C
1121,1122.0,1603.0,15,China Eastern AL,330,C
1122,1123.0,1604.0,15,SriLankan AL,330,
1123,1124.0,1605.0,15,Aerolineas Argentinas,330,C
1124,1125.0,1606.0,15,Hawaiian AL lsd,330,C
1125,1126.0,1607.0,15,CIT LC,330,
1126,1127.0,1608.0,15,Synergy Aerospace,330,
1127,1128.0,1609.0,15,Singapore AL lsd,330,
1128,1129.0,1610.0,15,MTAD,330,
1129,1130.0,1611.0,15,Korean Air,330,C
1130,1131.0,1612.0,15,AirAsia X,330,C
1131,1132.0,1613.0,15,Air Algerie,330,C
1132,1133.0,1614.0,15,Hainan AL lsd,330,
1133,1134.0,1615.0,15,Hawaiian AL,330,C
1134,1135.0,1616.0,15,THY Turkish AL,330,C
1135,1136.0,1617.0,15,China Eastern AL,330,C
1136,1137.0,1618.0,15,Cathay Pacific AW,330,C
1137,1138.0,1619.0,15,Thai AirAsia X,330,C
1138,1139.0,1620.0,15,THY THY Turkish AL,330,C
1139,1140.0,1621.0,15,Cathay Pacific AW,330,
1140,1141.0,1622.0,15,THY Turkish AL,330,C
1141,1142.0,1623.0,15,Aerolineas Argentinas,330,C
1142,1143.0,1624.0,15,CIT LC,330,
1143,1144.0,1625.0,15,China Southern AL,330,C
1144,1145.0,1626.0,15,Kuwait AW,330,C
1145,1146.0,1627.0,15,Delta AL,330,C
1146,1147.0,1628.0,15,Delta AL,330,C
1147,1148.0,1629.0,15,THY Turkish AL,330,C
1148,1149.0,1630.0,15,Air Algerie,330,C
1149,1150.0,1631.0,15,Tunis Air,330,C
1150,1151.0,1632.0,15,China Eastern AL,330,C
1151,1152.0,1633.0,15,Singapore AL,330,
1152,1153.0,1634.0,15,Hainan AL,330,C
1153,1154.0,1635.0,15,IAP,330,
1154,1155.0,1636.0,15,China Southern AL,330,C
1155,1156.0,1637.0,15,Delta AL,330,C
1156,1157.0,1638.0,15,Korean Air,330,C
1157,1158.0,1639.0,15,China Eastern AL,330,C
1158,1159.0,1640.0,15,THY Turkish AL,330,C
1159,1160.0,1641.0,15,Tunis Air,330,C
1160,1161.0,1642.0,15,THY Turkish AL,330,C
1161,1162.0,1643.0,15,Kuwait AW,330,C
1162,1163.0,1644.0,15,THY Turkish AL,330,C
1163,1164.0,1645.0,15,China Southern AL,330,C
1164,1165.0,1646.0,15,BOC,330,
1165,1166.0,1647.0,15,Korean Air,330,C
1166,1167.0,1648.0,15,Singapore AL,330,
1167,1168.0,1649.0,15,Air Algerie,330,C
1168,1169.0,1650.0,15,SriLankan AL,330,C
1169,1170.0,1651.0,15,Intrepid Aviation,330,
1170,1171.0,1653.0,15,Kuwait AW,330,C
1171,1172.0,1654.0,15,Garuda Indonesia,330,C
1172,1173.0,1655.0,15,China Eastern AL,330,C
1173,1174.0,1656.0,15,Hainan AL,330,C
1174,1175.0,1657.0,15,Synergy Aerospace,330,
1175,1176.0,1658.0,15,Air China,330,C
1176,1177.0,1659.0,15,AirAsia X,330,
1177,1178.0,1660.0,15,SAS,330,C
1178,1179.0,1662.0,15,Sichuan AL lsd,330,C
1179,1180.0,1663.0,15,Hainan AL,330,C
1180,1181.0,1664.0,15,China Eastern AL,330,C
1181,1182.0,1665.0,15,SAS,330,C
1182,1183.0,1666.0,15,Singapore AL,330,
1183,1184.0,1667.0,15,MTAD,330,
1184,1185.0,1668.0,15,Hong Kong AL,330,C
1185,1186.0,1669.0,15,SriLankan AL,330,C
1186,1187.0,1670.0,15,AirAsia X,330,
1187,1188.0,1671.0,15,Garuda Indonesia,330,C
1188,1189.0,1672.0,15,Hawaiian AL,330,C
1189,1190.0,1673.0,15,Air China,330,C
1190,1191.0,1674.0,15,BOC,330,
1191,1192.0,1675.0,15,Lion Air,330,C
1192,1193.0,1676.0,15,Alpha Star Aviation Svcs,330,
1193,1194.0,1677.0,15,Hainan AL,330,C
1194,1195.0,1678.0,15,Kuwait AW,330,C
1195,1196.0,1679.0,15,Delta AL,330,C
1196,1197.0,1680.0,15,Lion Air,330,C
1197,1198.0,1681.0,15,Kuwait AW,330,C
1198,1199.0,1684.0,15,EVA AW,330,C
1199,1200.0,1685.0,15,Air China,330,C
1200,1201.0,1686.0,15,Hainan AL,330,C
1201,1202.0,1687.0,15,SriLankan AL,330,C
1202,1203.0,1689.0,15,SriLankan AL,330,C
1203,1204.0,1690.0,15,EVA AW,330,C
1204,1205.0,1691.0,15,Evelop AL,330,
1205,1206.0,1692.0,15,Fiji AW lsd,330,C
1206,1207.0,1693.0,15,Lion Air,330,C
1207,1208.0,1694.0,15,Iberia,330,
1208,1209.0,1695.0,15,Air China,330,C
1209,1210.0,1696.0,16,THY Turkish AL,330,C
1210,1211.0,1697.0,16,SAS,330,C
1211,1212.0,1698.0,16,Garuda Indonesia,330,C
1212,1213.0,1699.0,15,China Southern AL,330,C
1213,1214.0,1700.0,16,Iberia,330,C
1214,1215.0,1701.0,16,Delta AL,330,C
1215,1216.0,1703.0,16,Hong Kong AL/Hainan AL,330,C
1216,1217.0,1704.0,16,THY Turkish AL,330,C
1217,1218.0,1706.0,16,THY Turkish AL,330,C
1218,1219.0,1709.0,16,Garuda Indonesia,330,C
1219,1220.0,1710.0,16,Iberia,330,
1220,1221.0,1711.0,16,Edelweiss AL,330,
1221,1222.0,1712.0,16,Cebu Pacific AL,330,STD
1222,1223.0,1713.0,16,THY Turkish AL,330,C
1223,1224.0,1714.0,16,China Southern AL,330,C
1224,1225.0,1715.0,16,SAS,330,C
1225,1226.0,1716.0,16,Delta AL,330,C
1226,1227.0,1718.0,16,THY Turkish AL,330,C
1227,1228.0,1719.0,16,Iberia,330,C
1228,1229.0,1720.0,16,Delta AL,330,C
1229,1230.0,1721.0,16,Delta AL,330,C
1230,1231.0,1723.0,16,Garuda Indonesia,330,C
1231,1232.0,1724.0,16,Saudi Arabian AL,330,C
1232,1233.0,1725.0,16,MEA,330,C
1233,1234.0,1726.0,16,Saudi Arabian,330,C
1234,1235.0,1727.0,16,Air Caraibes/French Blue,330,
1235,1236.0,1728.0,16,Iberia,330,C
1236,1237.0,1729.0,16,Saudi Arabian,330,C
1237,1238.0,1730.0,16,Tibet AL,330,C
1238,1239.0,1731.0,16,Saudi Arabian,330,C
1239,1240.0,1732.0,16,Hawaiian AL,330,C
1240,1241.0,1733.0,16,Garuda Indonesia,330,C
1241,1242.0,1734.0,16,Saudi Arabian,330,C
1242,1243.0,1735.0,16,MTAD,330,C
1243,1244.0,1736.0,16,Iberia,330,C
1244,1245.0,1737.0,16,Aerolineas Argentinas,330,C
1245,1246.0,1738.0,16,Saudi Arabian,330,C
1246,1247.0,1739.0,16,Saudi Arabian,330,C
1247,1248.0,1740.0,16,Iberia,330,C
1248,1249.0,1741.0,16,Rwandair,330,C
1249,1250.0,1742.0,16,Aer Lingus,330,C
1250,1251.0,1743.0,16,Saudi Arabian,330,C
1251,1252.0,1744.0,16,Aer Lingus,330,C
1252,1253.0,1745.0,16,South African AW,330,
1253,1254.0,1746.0,16,Sichuan AL ,330,C
1254,1255.0,1747.0,16,Iberia,330,C
1255,1256.0,1748.0,16,Aerolineas Argentinas,330,C
1256,1257.0,1749.0,16,Saudi Arabian,330,C
1257,1258.0,1751.0,16,Saudi Basic Industries Company,330,
1258,1259.0,1752.0,16,Air China,330,C
1259,1260.0,1753.0,16,Beijing Capital AL,330,C
1260,1261.0,1754.0,16,South African AW,330,
1261,1262.0,1755.0,16,Iberia,330,C
1262,1263.0,1756.0,16,Tianjin AL,330,C
1263,1264.0,1757.0,16,South African AW,330,
1264,1265.0,1758.0,16,Tianjin AL,330,C
1265,1266.0,1759.0,16,Rwandair,330,C
1266,1267.0,1760.0,16,China Southern AL,330,C
1267,1268.0,1761.0,16,Iberia,330,C
1268,1269.0,1762.0,16,MTAD,330,
1269,1270.0,1763.0,16,Beijing Capital AL,330,C
1270,1271.0,1764.0,16,Saudi Arabian AL,330,C
1271,1272.0,1765.0,16,Air China,330,C
1272,1273.0,1766.0,16,Saudi Arabian AL,330,C
1273,1274.0,1767.0,16,EVA AW,330,C
1274,1275.0,1769.0,17,Delta AL,330,C
1275,1276.0,1770.0,17,Saudi Arabian AL,330,C
1276,1277.0,1771.0,17,Tibet AL,330,C
1277,1278.0,1773.0,17,Tianjin AL,330,C
1278,1279.0,1774.0,17,Saudi Arabian AL,330,C
1279,1280.0,1775.0,17,Beijing Capital AL,330,C
1280,1281.0,1776.0,17,China Southern AL,330,C
1281,1282.0,1777.0,17,Iberia,330,
1282,1283.0,1778.0,17,EVA AW,330,C
1283,1284.0,1779.0,17,South African AW,330,
1284,1285.0,1780.0,17,Sichuan AL,330,C
1285,1286.0,1781.0,17,Saudi Arabian AL,330,C
1286,1287.0,1782.0,17,Beijing Capital AL,330,C
1287,1288.0,1783.0,17,Delta AL,330,C
1288,1289.0,1784.0,17,Iberia,330,
1289,1290.0,1785.0,17,Tibet AL,330,C
1290,1291.0,1786.0,17,Air China,330,C
1291,1292.0,1787.0,17,MTAD,330,
1292,1293.0,1788.0,17,China Eastern AL,330,C
1293,1294.0,1789.0,17,Cebu Pacific AL,330,C
1294,1295.0,1790.0,17,Saudi Arabian AL,330,C
1295,1296.0,1791.0,17,Aer Lingus,330,C
1296,1297.0,1792.0,17,South African AW,330,STD
1297,1298.0,1793.0,17,China Southern AL,330,C
1298,1299.0,1794.0,17,EVA AW,330,C
1299,1300.0,1796.0,17,China Eastern AL,330,C
1300,1301.0,1797.0,17,Saudi Arabian AL,330,C
1301,1302.0,1798.0,17,China Eastern AL,330,C
1302,1303.0,1799.0,17,MTAD,330,
1303,1304.0,1800.0,17,Saudi Arabian AL,330,C
1304,1305.0,1801.0,17,China Eastern AL,330,C
1305,1306.0,1802.0,17,Air China,330,C
1306,1307.0,1803.0,17,Saudi Arabian AL,330,C
1307,1308.0,1804.0,17,China Eastern AL,330,C
1308,1309.0,1805.0,17,Tianjin AL,330,C
1309,1310.0,1806.0,17,EVA AW,330,C
1310,1311.0,1807.0,17,Air China,330,C
1311,1312.0,1808.0,17,MTAD,330,
1312,1313.0,1809.0,17,China Eastern AL,330,C
1313,1314.0,1810.0,17,Shenzhen AL,330,C
1314,1315.0,1811.0,17,Air China,330,C
1315,1316.0,1812.0,17,Saudi Arabian AL,330,C
1316,1317.0,1814.0,17,China Southern AL,330,C
1317,1318.0,1815.0,17,China Southern AL,330,C
1318,1319.0,1816.0,17,China Eastern AL,330,C
1319,1320.0,1817.0,17,Aer Lingus,330,C
1320,1321.0,1818.0,17,China Southern AL,330,C
1321,1322.0,1819.0,18,TAP Air Portugal,330,C
1322,1323.0,1820.0,17,Thai Lion Air,330,
1323,1324.0,1821.0,17,China Southern AL,330,C
1324,1325.0,1822.0,17,MTAD,330,
1325,1326.0,1823.0,17,Hawaiian AL,330,C
1326,1327.0,1825.0,17,Sichuan AL,330,C
1327,1328.0,1826.0,17,China Southern AL,330,C
1328,1329.0,1827.0,17,Hainan AL,330,C
1329,1330.0,1828.0,17,Thai Lion Air,330,
1330,1331.0,1829.0,17,Shenzhen AL,330,C
1331,1332.0,1830.0,17,MTAD,330,
1332,1333.0,1831.0,17,Hainan AL,330,C
1333,1334.0,1832.0,17,Thai Lion Air,330,
1334,1335.0,1834.0,17,Saudi Arabian AL,330,C
1335,1336.0,1835.0,17,Iberia,330,C
1336,1337.0,1836.0,18,TAP Air Portugal,330,C
1337,1338.0,1837.0,17,Hainan AL,330,C
1338,1339.0,1838.0,17,Lucky Air,330,C
1339,1340.0,1839.0,17,Shenzhen AL,330,C
1340,1341.0,1840.0,17,Tianjin AL,330,C
1341,1342.0,1841.0,17,China Eastern AL,330,C
1342,1343.0,1842.0,18,China Eastern AL,330,C
1343,1344.0,1843.0,17,Lucky Air,330,C
1344,1345.0,1844.0,19,Air Belgium,330,C
1345,1346.0,1845.0,18,Tibet AL,330,C
1346,1347.0,1846.0,18,China Southern AL,330,C
1347,1348.0,1847.0,18,Beijing Capital AL,330,C
1348,1349.0,1848.0,18,MTAD,330,
1349,1350.0,1849.0,18,Tianjin AL,330,C
1350,1351.0,1850.0,18,TAP Air Portugal,330,C
1351,1352.0,1851.0,18,Lucky Air,330,C
1352,1353.0,1852.0,18,China Southern AL,330,C
1353,1354.0,1854.0,18,Iberia,330,C
1354,1355.0,1855.0,18,Hainan AL,330,C
1355,1356.0,1856.0,18,Sichuan AL,330,C
1356,1357.0,1857.0,18,MTAD,330,
1357,1358.0,1858.0,18,China Southern AL,330,C
1358,1359.0,1859.0,18,Tibet AL,330,C
1359,1360.0,1860.0,18,Hainan AL,330,C
1360,1361.0,1861.0,21,Air Belgium,330,C
1361,1362.0,1862.0,18,Beijing Capital AL,330,C
1362,1363.0,1863.0,18,Hong Kong AL,330,STD
1363,1364.0,1864.0,18,Level,330,
1364,1365.0,1865.0,18,Hong Kong AL,330,STD
1365,1366.0,1866.0,18,Lucky Air,330,C
1366,1367.0,1867.0,18,Shenzhen AL,330,C
1367,1368.0,1868.0,18,China Eastern AL,330,C
1368,1369.0,1869.0,18,China Eastern AL,330,C
1369,1370.0,1870.0,19,Citilink,330,
1370,1371.0,1871.0,18,Hainan AL,330,C
1371,1372.0,1872.0,18,Nepal AL,330,C
1372,1373.0,1873.0,18,China Eastern AL,330,C
1373,1374.0,1874.0,18,Hong Kong AL,330,STD
1374,1375.0,1875.0,18,Hainan AL,330,C
1375,1376.0,1876.0,19,Azul L.A.,330,C
1376,1377.0,1877.0,18,Level,330,C
1377,1378.0,1878.0,18,Nepal AL,330,C
1378,1379.0,1879.0,18,Shenzhen AL,330,C
1379,1380.0,1880.0,18,Beijing Capital AL,330,C
1380,1381.0,1881.0,18,China Eastern AL,330,C
1381,1382.0,1882.0,18,Level,330,
1382,1383.0,1883.0,18,MTAD,330,
1383,1384.0,1884.0,19,Air Mauritius,330,C
1384,1385.0,1885.0,18,China Southern AL,330,C
1385,1386.0,1887.0,19,Citilink,330,C
1386,1387.0,1889.0,18,Shenzhen AL,330,C
1387,1388.0,1890.0,19,Air Mauritius,330,C
1388,1389.0,1891.0,18,MTAD,330,
1389,1390.0,1892.0,18,TAP Air Portugal,330,C
1390,1391.0,1893.0,18,Hainan AL,330,C
1391,1392.0,1894.0,18,China Southern AL,330,C
1392,1393.0,1895.0,19,Azul L.A.,330,C
1393,1394.0,1896.0,18,Hainan AL,330,C
1394,1395.0,1897.0,19,TAP Air Portugal,330,C
1395,1396.0,1898.0,18,Hainan AL,330,C
1396,1397.0,1899.0,18,Hainan AL,330,C
1397,1398.0,1900.0,19,TAP Air Portugal,330,C
1398,1399.0,1901.0,19,Thai Air Asia X,330,C
1399,1400.0,1903.0,19,Thai Air Asia X,330,C
1400,1401.0,1904.0,19,TAP Air Portugal,330,C
1401,1402.0,1905.0,18,China Eastern AL,330,C
1402,1403.0,1906.0,19,TAP Air Portugal,330,C
1403,1404.0,1907.0,18,K5 Aviation,330,C
1404,1405.0,1908.0,19,TAP Air Portugal,330,C
1405,1406.0,1909.0,19,TAP Air Portugal,330,C
1406,1407.0,1910.0,19,Air Senegal,330,C
1407,1408.0,1912.0,19,Sichuan AL,330,C
1408,1409.0,1913.0,19,TAP Air Portugal,330,C
1409,1410.0,1914.0,19,TAP Air Portugal,330,C
1410,1411.0,1915.0,19,Delta AL,330,C
1411,1412.0,1916.0,19,MTAD,330,
1412,1413.0,1917.0,19,Capital AL,330,STD
1413,1414.0,1918.0,19,TAP Air Portugal,330,C
1414,1415.0,1919.0,19,MTAD,330,
1415,1416.0,1920.0,19,Delta AL,330,C
1416,1417.0,1921.0,19,TAP Air Portugal,330,C
1417,1418.0,1922.0,19,TAP Air Portugal,330,C
1418,1419.0,1923.0,19,Air Senegal,330,C
1419,1420.0,1924.0,19,Azul L.A.,330,C
1420,1421.0,1925.0,19,TAP Air Portugal,330,C
1421,1422.0,1926.0,19,Lion Air,330,C
1422,1423.0,1927.0,19,Lion Air,330,C
1423,1424.0,1928.0,19,SAS,330,C
1424,1425.0,1929.0,19,Hi Fly,330,
1425,1426.0,1931.0,19,Delta AL,330,C
1426,1427.0,1932.0,19,Level,330,C
1427,1428.0,1933.0,19,Thai Lion Air,330,
1428,1429.0,1934.0,19,Azul L.A.,330,C
1429,1430.0,1935.0,19,Delta AL,330,C
1430,1431.0,1936.0,19,Level,330,
1431,1432.0,1937.0,19,Aircalin,330,C
1432,1433.0,1938.0,19,Aircalin,330,C
1433,1434.0,1939.0,19,Thai Lion Air,330,
1434,1435.0,1941.0,19,TAP Air Portugal,330,C
1435,1436.0,1942.0,19,MTAD,330,
1436,1437.0,1943.0,19,TAP Air Portugal,330,C
1437,1438.0,1946.0,19,Garuda Indonesia,330,C
1438,1439.0,1947.0,19,Garuda Indonesia,330,C
1439,1440.0,1948.0,19,Garuda Indonesia,330,C
1440,1441.0,1949.0,19,Delta AL,330,C
1441,1442.0,1950.0,19,Aer Lingus,330,C
1442,1443.0,1951.0,20,Aer Lingus,330,C
1443,1444.0,1952.0,20,Azul L.A.,330,C
1444,1445.0,1953.0,20,Delta AL,330,C
1445,1446.0,1954.0,19,TAP Air Portugal,330,C
1446,1447.0,1956.0,20,Lion Air,330,C
1447,1448.0,1957.0,20,Delta AL,330,C
1448,1449.0,1958.0,20,Condor,330,STD
1449,1450.0,1959.0,20,Condor,330,STD
1450,1451.0,1960.0,20,MTAD,330,
1451,1452.0,1962.0,20,Delta AL,330,C
1452,1453.0,1963.0,20,Orbest,330,C
1453,1454.0,1964.0,20,Kuwait AW,330,C
1454,1455.0,1965.0,20,MTAD,330,
1455,1456.0,1966.0,22,Condor,330,
1456,1457.0,1968.0,20,MTAD,330,
1457,1458.0,1969.0,20,Kuwait AW,330,C
1458,1459.0,1970.0,22,Cebu Pacific AL,330,C
1459,1460.0,1975.0,20,Corsair,330,C
1460,1461.0,1977.0,20,Uganda AL,330,C
1461,1462.0,1978.0,20,Lion Air,330,C
1462,1463.0,1979.0,20,Uganda AL,330,C
1463,1464.0,1981.0,21,Sunclass AL,330,
1464,1465.0,1982.0,20,MTAD,330,
1465,1466.0,1983.0,21,Delta AL,330,C
1466,1467.0,1984.0,21,Thai Lion Air,330,
1467,1468.0,1986.0,21,Corsair,330,C
1468,1469.0,1987.0,21,Thai Lion Air,330,C
1469,1470.0,1989.0,20,MTAD,330,
1470,1471.0,1990.0,21,Delta AL,330,C
1471,1472.0,1991.0,21,Delta AL,330,C
1472,1473.0,1992.0,21,Corsair,330,C
1473,1474.0,1993.0,21,Corsair,330,C
1474,1475.0,1994.0,22,Delta AL,330,C
1475,1476.0,1995.0,22,Delta AL,330,C
1476,1477.0,1996.0,22,Delta AL,330,C
1477,1478.0,1997.0,22,Delta AL,330,C
1478,1479.0,1998.0,21,MTAD,330,
1479,1480.0,1999.0,22,Delta AL,330,C
1480,1481.0,2000.0,22,Delta AL,330,C
1481,1482.0,2001.0,21,Cebu Pacific AL,330,C
1482,1483.0,2002.0,21,Cebu Pacific AL,330,C
1483,1484.0,2003.0,21,Starlux AL,330,C
1484,1485.0,2004.0,21,Cebu Pacific AL,330,C
1485,1486.0,2005.0,21,Kuwait AW,330,C
1486,1487.0,2006.0,22,Starlux AL,330,C
1487,1488.0,2007.0,21,MTAD,330,
1488,1489.0,2008.0,21,MTAD,330,
1489,1490.0,2009.0,22,Corsair,330,C
1490,1491.0,2010.0,22,Delta AL,330,C
1491,1492.0,2011.0,21,MTAD,330,
1492,1493.0,2012.0,22,MTAD,330,
1493,1494.0,2013.0,22,Starlux AL,330,
1494,1495.0,2014.0,22,Delta AL,330,
1495,1496.0,2015.0,22,MTAD,330,
1496,1497.0,2016.0,22,Kuwait AW,330,C
1497,1498.0,2017.0,22,Starlux AL,330,C
1498,1499.0,2018.0,22,Virgin Atlantic,330,C
1499,1500.0,2019.0,22,Virgin Atlantic,330,C
1500,1501.0,2020.0,22,Air Greenland,330,C
1501,1502.0,2022.0,22,French Air Force,330,C
1502,1503.0,2023.0,22,United Arab Emirates AF,330,
1503,1504.0,2024.0,22,Condor,330,
0,,5.0,92,Air France lsd,340,
1,,6.0,92,Lufthansa ,340,
2,,7.0,93,Air France lsd,340,
3,,8.0,92,Lufthansa ,340,
4,,9.0,93,Lufthansa ,340,
5,,10.0,93,Sabena/Air France ,340,W/O
6,,11.0,93,Lufthansa ,340,
7,,13.0,93,Virgin Atlantic ,340,
8,,14.0,93,Sabena/Air France ,340,
9,,15.0,93,Virgin Atlantic ,340,
10,,16.0,93,Virgin Atlantic ,340,
11,,18.0,93,Lufthansa ,340,
12,,19.0,93,Lufthansa ,340,
13,,20.0,93,Lufthansa ,340,
14,,21.0,93,Lufthansa ,340,
15,,22.0,93,Sabena/Air France ,340,
16,,23.0,93,THY Turkish AL,340,SCR
17,,24.0,93,Lufthansa ,340,SCR
18,,25.0,93,THY Turkish AL,340,STD
19,,26.0,93,Qatar Gvmt,340,C
20,,27.0,93,Lufthansa ,340,SCR
21,,28.0,94,Lufthansa ,340,SCR
22,,29.0,93,Air France lsd,340,SCR
23,,31.0,93,Air France,340,
24,,32.0,94,Air Lanka ,340,
25,,33.0,94,Air Lanka ,340,
26,,35.0,94,Lufthansa ,340,SCR
27,,36.0,94,Gulf Air,340,
28,,38.0,93,Air France,340,
29,,39.0,94,Gulf Air,340,
30,,40.0,94,Gulf Air,340,
31,,41.0,94,TAP Air Portugal,340,SCR
32,,43.0,94,Air France,340,
33,,44.0,94,TAP Air Portugal,340,SCR
34,,46.0,94,Bahrein Gvmt,340,
35,,47.0,94,Sabena/Air France ,340,
36,,48.0,94,Air Mauritius lsd ,340,
37,,49.0,94,Air France lsd,340,
38,,51.0,94,Sabena/Air France ,340,
39,,52.0,94,Lufthansa ,340,SCR
40,,53.0,94,Lufthansa ,340,SCR
41,,56.0,94,Lufthansa ,340,
42,,57.0,94,THY Turkish AL,340,STD
43,,58.0,94,Virgin Atlantic ,340,
44,,61.0,94,Egypt Govmt ,340,C
45,,63.0,94,PAL/Cathay Pacific,340,
46,,74.0,94,PAL/Cathay Pacific,340,
47,,75.0,95,Austrian AL ,340,
48,,76.0,94,Air Mauritius ,340,SCR
49,,78.0,95,Air France,340,SCR
50,,79.0,95,TAP Air Portugal,340,SCR
51,,80.0,94,PAL/Cathay Pacific,340,
52,,81.0,95,Austrian AL ,340,
53,,84.0,95,Air France,340,SCR
54,,85.0,95,PAL/Cathay Pacific,340,
55,,88.0,95,Air Canada lsd,340,
56,,89.0,95,Kuwait AW ,340,STD
57,,90.0,95,Kuwait AW ,340,STD
58,,91.0,95,TAP Air Portugal,340,STD
59,,93.0,95,Air Canada lsd,340,
60,,94.0,95,Air Mauritius lsd ,340,
61,,97.0,95,Gulf Air,340,
62,,101.0,95,Kuwait AW ,340,
63,,103.0,95,Gulf Air/Egyptair ,340,
64,,104.0,95,Kuwait AW ,340,
65,,114.0,96,Virgin Atlantic lsd,340,
66,,115.0,96,THY Turkish AL,340,
67,,117.0,95,Singapore AL,340,
68,,123.0,96,Singapore AL,340,
69,,125.0,96,Iberia,340,
70,,126.0,96,Singapore AL,340,
71,,128.0,96,Singapore AL,340,
72,,129.0,96,China Eastern AL,340,SCR
73,,131.0,96,China Eastern AL,340,SCR
74,,133.0,96,Gulf Air/Egyptair ,340,
75,,134.0,96,Iberia,340,
76,,135.0,96,Lufthansa ,340,C
77,,136.0,96,Cathay Pacific,340,
78,,137.0,96,Cathay Pacific,340,
79,,139.0,96,Singapore AL,340,
80,,141.0,96,China Eastern AL,340,SCR
81,,142.0,96,Cathay Pacific,340,
82,,145.0,96,Iberia,340,
83,,146.0,96,Iberia,340,
84,,147.0,96,Cathay Pacific,340,
85,,149.0,96,Singapore AL,340,
86,,150.0,96,Air Canada,340,
87,,151.0,96,Brunei Gvmt ,340,
88,,152.0,96,Air Mauritius lsd ,340,SCR
89,,154.0,96,Air Canada,340,
90,,156.0,96,Egyptair,340,
91,,157.0,96,Cathay Pacific,340,
92,,158.0,97,Lufthansa ,340,
93,,159.0,96,Egyptair,340,
94,,160.0,97,Cathay Pacific,340,
95,,161.0,97,China Eastern AL,340,SCR
96,,163.0,97,Singapore AL,340,
97,,164.0,97,Virgin Atlantic lsd,340,
98,,166.0,97,Singapore AL,340,
99,,167.0,97,Air Canada,340,
100,,168.0,97,Air France lsd,340,
101,,169.0,97,Austrian AL ,340,
102,,170.0,97,Air Canada,340,
103,,173.0,97,Philippine AL ,340,
104,,174.0,97,Air France lsd,340,
105,,175.0,97,Air Canada,340,
106,,176.0,97,Philippine AL ,340,
107,,178.0,97,Egyptair,340,
108,,179.0,97,Air Canada,340,
109,,180.0,97,THY Turkish AL,340,
110,,182.0,97,China Eastern AL,340,SCR
111,,185.0,97,Singapore AL,340,
112,,186.0,97,Air France,340,SCR
113,,187.0,97,Philippine AL ,340,
114,,190.0,97,Singapore AL,340,
115,,192.0,97,Air China ,340,
116,,193.0,97,Iberia,340,
117,,194.0,97,Air Mauritius ,340,SCR
118,,196.0,97,Philippine AL ,340,
119,,197.0,97,Iberia,340,
120,,199.0,97,Air China ,340,
121,,201.0,97,Air China ,340,
122,,202.0,97,Singapore AL,340,
123,,204.0,97,Brunei Gvmt ,340,
124,,207.0,97,Air France,340,
125,,208.0,98,Cathay Pacific,340,
126,,210.0,98,Air France,340,
127,,212.0,98,Singapore AL,340,
128,,213.0,98,Lufthansa ,340,C
129,,214.0,98,Virgin Atlantic lsd,340,SCR
130,,215.0,98,Singapore AL,340,
131,,216.0,98,Air Canada lsd,340,
132,,217.0,98,Iberia,340,SCR
133,,218.0,98,Cathay Pacific,340,SCR
134,,220.0,98,Cathay Pacific,340,SCR
135,,221.0,98,Iberia,340,SCR
136,,225.0,98,Virgin Atlantic ,340,SCR
137,,227.0,98,Cathay Pacific,340,SCR
138,,228.0,98,Cathay Pacific,340,SCR
139,,233.0,98,Lufthansa ,340,C
140,,235.0,98,Olympic AW,340,
141,,236.0,98,Singapore AL,340,
142,,237.0,98,Air France,340,SCR
143,,239.0,98,Olympic AW,340,
144,,242.0,98,China Southwest AL,340,
145,,243.0,98,China Southwest AL,340,
146,,245.0,98,Air France,340,
147,,246.0,98,Air France,340,
148,,252.0,98,Lufthansa,340,C
149,,257.0,99,Air Canada lsd,340,
150,,260.0,99,Air France,340,
151,,263.0,99,Austrian AL ,340,
152,,264.0,99,China Southwest AL,340,
153,,268.0,99,Air Mauritius,340,STD
154,,270.0,99,THY Turkish AL,340,
155,,273.0,99,Air Canada,340,
156,,274.0,99,Lufthansa,340,
157,,278.0,99,Air Canada,340,
158,,280.0,99,Olympic AW,340,
159,,282.0,99,Singapore AL,340,
160,,289.0,99,Air France,340,W/O
161,,292.0,99,Olympic AW,340,
162,,297.0,99,Lufthansa,340,C
163,,302.0,99,Iberia,340,
164,,304.0,99,Lufthansa,340,C
165,,307.0,99,Air France,340,SCR
166,,310.0,99,Air France,340,SCR
167,,318.0,0,Iberia,340,
168,,319.0,0,Air France,340,
169,,321.0,0,Lufthansa,340,C
170,,325.0,0,Lufthansa,340,C
171,,327.0,0,Lufthansa,340,STD
172,,329.0,0,Iberia,340,SCR
173,,331.0,0,THY Turkish AL,340,STD
174,,332.0,0,Iberia,340,
175,,335.0,0,Lufthansa,340,
176,,347.0,0,Lufthansa,340,C
177,,352.0,0,Lufthansa,340,W/O
178,,354.0,0,Lufthansa,340,
179,,355.0,0,Lufthansa,340,
180,,359.0,0,LAN Chile,340,
181,,363.0,0,LAN Chile,340,
182,,367.0,0,AOM-Air Outre Mer lsd,340,
183,,373.0,0,Air France lsd,340,
184,,374.0,0,Fll/AOM-Air Outre Mer,340,
185,,377.0,0,Air France lsd,340,SCR
186,,378.0,0,Iberia,340,
187,,379.0,0,Lufthansa,340,C
188,,381.0,0,Cathay Pacific,340,
189,,383.0,2,Virgin Atlantic AW,340,
190,,385.0,1,Air Tahiti Nui,340,SCR
191,,387.0,1,Iberia,340,
192,,390.0,1,Lufthansa,340,C
193,,391.0,2,Virgin Atlantic AW,340,
194,,395.0,1,Canada 3000 AL lsd,340,
195,,399.0,1,Air France,340,
196,,402.0,1,China AL,340,
197,,406.0,1,China AL,340,
198,,410.0,2,South African AW,340,STD
199,,411.0,1,China AL,340,
200,,413.0,1,SAS,340,
201,,414.0,1,Iberia,340,
202,,415.0,1,China AL,340,
203,,416.0,2,Virgin Atlantic AW,340,
204,,417.0,2,South African AW,340,STD
205,,424.0,1,SAS,340,
206,,426.0,3,South African AW,340,C
207,,429.0,1,LAN Chile,340,
208,,430.0,1,SAS lsd,340,SCR
209,,431.0,3,Iberia,340,
210,,433.0,1,China AL,340,SCR
211,,434.0,1,Lufthansa,340,C
212,,435.0,1,SAS lsd,340,STD
213,,436.0,2,Cathay Pacific AW lsd,340,
214,,438.0,1,Air Tahiti Nui lsd,340,SCR
215,,440.0,3,Iberia,340,
216,,442.0,1,LAN Chile,340,
217,,445.0,3,Air Canada,340,
218,,446.0,1,Air Tahiti Nui lsd,340,SCR
219,,447.0,1,Lufthansa,340,C
220,,449.0,2,Virgin Atlantic AW,340,
221,,450.0,2,SAS lsd,340,
222,,453.0,2,Cathay Pacific AW lsd,340,
223,,457.0,3,Emirates AL,340,
224,,459.0,2,Iberia,340,
225,,460.0,3,Iberia,340,STD
226,,464.0,3,Air Canada,340,
227,,467.0,2,SAS lsd,340,SCR
228,,468.0,2,China Eastern AL,340,
229,,470.0,2,SAS lsd,340,SCR
230,,471.0,3,Emirates AL,340,
231,,474.0,2,Iberia lsd,340,
232,,475.0,3,Cathay Pacific AW lsd,340,
233,,478.0,3,Singapore AL,340,
234,,482.0,3,Lufthansa lsd,340,SCR
235,,483.0,2,Iberia lsd,340,
236,,485.0,3,Emirates AL,340,
237,,488.0,3,China Eastern AL,340,
238,,492.0,3,Singapore AL,340,
239,,495.0,3,Qatar Gvmt,340,C
240,,499.0,3,Singapore AL,340,
241,,514.0,3,China Eastern AL,340,
242,,517.0,3,Lufthansa,340,STD
243,,520.0,3,Emirates AL,340,
244,,523.0,3,Lufthansa lsd,340,STD
245,,528.0,3,Singapore AL,340,
246,,531.0,3,South African AW,340,C
247,,534.0,3,South African AW lsd,340,STD
248,,537.0,3,Lufthansa lsd,340,STD
249,,538.0,3,Swiss Int'l AL lsd,340,C
250,,540.0,3,Lufthansa,340,STD
251,,541.0,3,China AL,340,SCR
252,,543.0,4,Lufthansa,340,STD
253,,544.0,3,South African AW,340,
254,,545.0,3,Swiss Int'l AL,340,C
255,,546.0,3,Swiss Int'l AL,340,C
256,,547.0,3,South African AW,340,C
257,,554.0,3,Singapore AL,340,
258,,556.0,3,Swiss Int'l AL,340,
259,,557.0,3,South African AW,340,
260,,559.0,3,Swiss Int'l AL,340,
261,,560.0,4,Singapore AL,340,
262,,561.0,3,Swiss Int'l AL,340,
263,,562.0,3,Swiss Int'l AL lsd,340,
264,,563.0,4,Singapore AL,340,
265,,566.0,4,Lufthansa,340,STD
266,,569.0,4,Lufthansa,340,C
267,,572.0,4,Emirates AL,340,SCR
268,,575.0,4,Virgin Atlantic AW,340,
269,,577.0,4,China Eastern AL,340,
270,,580.0,4,Lufthansa,340,STD
271,,582.0,4,South African AW,340,
272,,583.0,4,Lufthansa,340,STD
273,,585.0,4,Swiss Int'l AL,340,C
274,,586.0,4,China Eastern AL,340,
275,,590.0,4,South African AW,340,
276,,594.0,5,NOT BUILT,340,
277,,598.0,4,Swiss Int'l AL,340,C
278,,601.0,4,Iberia,340,STD
279,,604.0,4,Iberia,340,
280,,606.0,4,Iberia,340,STD
281,,608.0,4,Emirates AL,340,
282,,611.0,4,Emirates AL,340,
283,,615.0,4,Virgin Atlantic AW,340,
284,,617.0,5,Iberia lsd,340,SCR
285,,619.0,5,Iberia lsd,340,STD
286,,622.0,4,Virgin Atlantic AW,340,
287,,624.0,5,Thai AW Int,340,STD
288,,626.0,5,South African AW lsd,340,STD
289,,628.0,5,Thai AW Int,340,STD
290,,630.0,5,South African AW lsd,340,STD
291,,639.0,5,Virgin Atlantic AW,340,SCR
292,,643.0,4,South African AW lsd,340,
293,,646.0,4,South African AW,340,
294,,651.0,5,South African AW,340,
295,,668.0,5,Air Tahiti Nui,340,
296,,672.0,5,Iberia,340,STD
297,,677.0,5,Thai AW Int,340,STD
298,,681.0,5,Thai AW Int,340,STD
299,,685.0,5,Emirates AL,340,
300,,689.0,5,Thai AW Int,340,STD
301,,694.0,5,Emirates AL,340,
302,,698.0,5,Thai AW Int,340,
303,,702.0,5,Iberia,340,STD
304,,706.0,5,Virgin Atlantic AW lsd,340,SCR
305,,710.0,5,Thai AW Int,340,STD
306,,715.0,5,Qatar AW,340,SCR
307,,719.0,5,Thai AW Int,340,STD
308,,723.0,6,Virgin Atlantic AW lsd,340,SCR
309,,727.0,5,Iberia,340,STD
310,,731.0,6,Iberia,340,W/O
311,,736.0,6,Virgin Atlantic AW lsd,340,
312,,740.0,6,Qatar AW,340,STD
313,,744.0,6,Iberia,340,STD
314,,748.0,6,Etihad AW,340,
315,,753.0,6,Virgin Atlantic AW,340,
316,,757.0,6,Etihad AW,340,
317,,761.0,6,Etihad AW,340,
318,,762.0,6,Lufthansa,340,SCR
319,,763.0,6,Lufthansa,340,SCR
320,,764.0,6,Virgin Atlantic AW,340,
321,,765.0,6,Virgin Atlantic AW,340,
322,,766.0,6,Qatar AW,340,
323,,767.0,6,Lufthansa,340,SCR
324,,768.0,6,Virgin Atlantic AW,340,
325,,771.0,6,Lufthansa,340,STD
326,,775.0,6,Thai AW Int,340,STD
327,,779.0,6,National Air Service lsd,340,
328,,783.0,6,Etihad AW,340,
329,,787.0,6,Virgin Atlantic AW,340,
330,,790.0,7,Lufthansa,340,SCR
331,,793.0,6,Air Mauritius,340,SCR
332,,794.0,7,Lufthansa,340,SCR
333,,798.0,7,Qatar AW,340,
334,,800.0,6,Air Mauritius,340,SCR
335,,804.0,7,Virgin Atlantic AW lsd,340,SCR
336,,812.0,7,Lufthansa,340,SCR
337,,829.0,7,Etihad AW,340,
338,,835.0,7,Finnair,340,
339,,837.0,7,Etihad AW,340,
340,,844.0,7,Finnair,340,
341,,846.0,8,Lufthansa,340,C
342,,848.0,8,Lufthansa,340,STD
343,,856.0,7,Etihad AW,340,W/O
344,,870.0,7,Etihad AW,340,
345,,886.0,8,Azerbaijan AL lsd,340,C
346,,894.0,8,Azerbaijan AL lsd,340,C
347,,897.0,8,Lufthansa,340,STD
348,,902.0,8,Tunisian Gvmt,340,
349,,910.0,8,Arik Air,340,
350,,912.0,8,Arik Air,340,
351,,917.0,8,Algerian Government,340,C
352,,921.0,8,Finnair lsd,340,
353,,924.0,8,Royal Jordanian AF,340,
354,,929.0,8,Etihad AW,340,
355,,933.0,8,Etihad AW,340,
356,,938.0,8,Finnair,340,
357,,953.0,8,Thai AW Int,340,STD
358,,955.0,8,Global Jet Luxembourg,340,
359,,960.0,9,Iberia,340,STD
360,,972.0,8,Lufthansa,340,STD
361,,981.0,9,Lufthansa,340,STD
362,,987.0,9,Lufthansa,340,C
363,,993.0,9,Iberia,340,STD
364,,1005.0,9,Lufthansa,340,STD
365,,1017.0,9,Iberia,340,STD
366,,1030.0,9,Etihad AW,340,
367,,1040.0,9,Etihad AW,340,
368,,1079.0,10,Iberia,340,STD
369,,1091.0,10,Kuwait Government,340,C
370,,1102.0,10,Kuwait Government,340,C
371,,1122.0,10,Iberia,340,STD
0,,6.0,14,Qatar AW,350,C
1,,7.0,15,Qatar AW,350,C
2,,8.0,15,Qatar AW,350,C
3,,9.0,15,Qatar AW,350,C
4,,10.0,15,Qatar AW,350,C
5,,11.0,15,Qatar AW,350,C
6,,12.0,16,Qatar AW,350,C
7,,13.0,15,Qatar AW,350,C
8,,14.0,15,Vietnam AL lsd,350,C
9,,15.0,15,Vietnam AL lsd,350,C
10,,16.0,15,Vietnam AL lsd,350,C
11,,17.0,15,Vietnam AL lsd,350,C
12,,18.0,15,Finnair,350,C
13,,19.0,15,Finnair,350,C
14,,20.0,15,Finnair,350,C
15,,21.0,16,Qatar AW,350,C
16,,22.0,15,Finnair,350,C
17,,23.0,16,Finnair,350,C
18,,24.0,15,TAM,350,
19,,25.0,16,Qatar AW,350,C
20,,26.0,16,Singapore AL,350,C
21,,27.0,16,TAM,350,
22,,28.0,16,Finnair,350,C
23,,29.0,16,Cathay Pacific,350,C
24,,30.0,16,Singapore AL,350,C
25,,31.0,16,Singapore AL,350,C
26,,32.0,16,Cathay Pacific,350,C
27,,33.0,16,Qatar AW,350,C
28,,34.0,16,Cathay Pacific,350,C
29,,35.0,16,TAM,350,
30,,36.0,16,Qatar AW,350,C
31,,37.0,16,Singapore AL,350,C
32,,38.0,16,Cathay Pacific,350,C
33,,39.0,16,Cathay Pacific,350,C
34,,40.0,16,Ethiopian AL,350,C
35,,41.0,16,Singapore AL,350,C
36,,42.0,16,Qatar AW,350,C
37,,43.0,16,Ethiopian AL,350,C
38,,44.0,16,Thai AW International,350,C
39,,45.0,16,LATAM,350,
40,,46.0,16,Cathay Pacific,350,C
41,,47.0,17,Qatar AW,350,C
42,,48.0,16,LATAM,350,
43,,49.0,16,China AL,350,C
44,,50.0,16,Thai AW International,350,C
45,,51.0,16,Finnair,350,C
46,,52.0,16,Sichuan AL,350,C
47,,53.0,16,Cathay Pacific,350,C
48,,54.0,16,Singapore AL,350,C
49,,55.0,16,Sichuan AL,350,C
50,,56.0,16,Vietnam AL,350,C
51,,57.0,16,China AL,350,C
52,,58.0,16,Cathay Pacific,350,C
53,,60.0,17,Sichuan AL,350,C
54,,61.0,16,Cathay Pacific,350,C
55,,62.0,16,Singapore AL,350,C
56,,63.0,17,Qatar AW,350,C
57,,64.0,16,LATAM,350,
58,,66.0,16,China AL,350,C
59,,67.0,16,Vietnam AL,350,C
60,,68.0,16,Singapore AL,350,C
61,,69.0,17,Qatar AW,350,C
62,,70.0,17,Cathay Pacific,350,C
63,,72.0,17,Cathay Pacific,350,C
64,,73.0,16,China AL,350,C
65,,74.0,16,Lufthansa,350,C
66,,75.0,16,Cathay Pacific,350,C
67,,76.0,17,Qatar AW,350,C
68,,77.0,16,Singapore AL,350,C
69,,78.0,17,Qatar AW,350,C
70,,79.0,16,LATAM,350,
71,,80.0,17,Lufthansa,350,C
72,,81.0,16,Singapore AL,350,C
73,,82.0,17,Air Caraibes,350,C
74,,83.0,17,Qatar AW,350,C
75,,84.0,17,Singapore AL,350,C
76,,85.0,17,Cathay Pacific,350,C
77,,86.0,17,Vietnam AL,350,C
78,,87.0,17,Lufthansa,350,C
79,,88.0,17,Qatar AW,350,C
80,,89.0,17,Ethiopian AL,350,C
81,,90.0,17,Qatar AW,350,C
82,,91.0,17,Air Caraibes,350,C
83,,92.0,17,China AL,350,C
84,,93.0,17,Cathay Pacific,350,C
85,,94.0,17,Asiana AL,350,C
86,,95.0,17,Thai AW International,350,C
87,,96.0,17,Singapore AL,350,C
88,,97.0,17,Finnair,350,C
89,,98.0,18,Hainan AL,350,C
90,,99.0,17,Singapore AL,350,C
91,,100.0,18,Qatar AW,350,C
92,,101.0,17,Cathay Pacific,350,C
93,,102.0,18,Qatar AW,350,C
94,,103.0,17,Ethiopian AL,350,C
95,,104.0,17,Finnair,350,C
96,,105.0,17,China AL,350,C
97,,106.0,18,Qatar AW,350,C
98,,107.0,17,Singapore AL,350,C
99,,109.0,17,Cathay Pacific,350,C
100,,110.0,18,Qatar AW,350,C
101,,111.0,17,Thai AW International,350,C
102,,112.0,18,Hainan AL,350,C
103,,113.0,17,Finnair,350,C
104,,114.0,18,Qatar AW,350,C
105,,115.0,17,Delta AL,350,C
106,,116.0,17,Singapore AL,350,C
107,,117.0,17,Asiana AL,350,C
108,,118.0,18,Cathay Pacific,350,C
109,,119.0,17,Cathay Pacific,350,C
110,,120.0,17,Ethiopian AL,350,C
111,,121.0,17,China AL,350,C
112,,122.0,17,Singapore AL,350,C
113,,123.0,17,Thai AW International,350,C
114,,124.0,17,Hong Kong AL,350,
115,,125.0,18,Qatar AW,350,C
116,,126.0,18,Qatar AW,350,C
117,,127.0,17,Lufthansa,350,C
118,,128.0,17,Cathay Pacific,350,C
119,,129.0,17,Vietnam AL,350,C
120,,130.0,17,Thai AW International,350,C
121,,132.0,17,Qatar AW,350,C
122,,133.0,17,Singapore AL,350,C
123,,134.0,17,Finnair,350,C
124,,135.0,17,Delta AL,350,C
125,,136.0,17,Lufthansa,350,C
126,,137.0,17,Cathay Pacific,350,C
127,,138.0,17,China AL,350,C
128,,140.0,17,Singapore AL,350,C
129,,141.0,18,Qatar AW,350,C
130,,142.0,17,Thai AW International,350,C
131,,143.0,18,Qatar AW,350,C
132,,144.0,17,Asiana AL,350,C
133,,145.0,17,Air Mauritius,350,C
134,,146.0,17,Lufthansa,350,C
135,,147.0,17,Ethiopian AL,350,C
136,,148.0,17,Cathay Pacific,350,C
137,,149.0,17,Delta AL,350,C
138,,150.0,17,Vietnam AL,350,C
139,,151.0,17,China AL,350,C
140,,153.0,17,Hong Kong AL,350,
141,,154.0,17,Cathay Pacific,350,C
142,,155.0,17,Cathay Pacific,350,C
143,,157.0,17,Air Mauritius,350,C
144,,158.0,17,Singapore AL,350,C
145,,159.0,17,Malaysia AL,350,C
146,,160.0,17,Delta AL,350,C
147,,161.0,18,Qatar AW,350,C
148,,162.0,17,China AL,350,C
149,,163.0,18,Qatar AW,350,C
150,,164.0,17,Delta AL,350,C
151,,165.0,17,Malaysia AL,350,C
152,,167.0,18,Air China,350,C
153,,168.0,17,Hong Kong AL,350,
154,,169.0,18,Cathay Pacific,350,C
155,,170.0,17,Singapore AL,350,C
156,,172.0,18,Qatar AW,350,C
157,,173.0,17,Vietnam AL,350,C
158,,174.0,17,Lufthansa,350,C
159,,175.0,17,Delta AL,350,C
160,,176.0,17,Asiana AL,350,C
161,,177.0,18,Thai AW International,350,C
162,,178.0,18,Air China,350,C
163,,179.0,17,China AL,350,C
164,,180.0,18,Ethiopian AL,350,C
165,,181.0,18,Thai AW International,350,C
166,,182.0,18,Delta AL,350,C
167,,183.0,18,Malaysia AL,350,C
168,,184.0,18,Lufthansa,350,C
169,,185.0,18,Thai AW International,350,C
170,,186.0,18,Singapore AL,350,C
171,,187.0,18,Hong Kong AL,350,
172,,188.0,18,Cathay Pacific,350,C
173,,189.0,18,Thai AW International,350,C
174,,190.0,18,Delta AL,350,C
175,,191.0,18,China AL,350,C
176,,192.0,18,Vietnam AL,350,C
177,,193.0,18,French Bee,350,C
178,,195.0,18,Malaysia AL,350,C
179,,196.0,18,Ethiopian AL,350,C
180,,197.0,18,Vietnam AL,350,C
181,,198.0,18,Asiana AL,350,C
182,,199.0,18,Delta AL,350,C
183,,200.0,18,LATAM AL,350,
184,,201.0,18,Thai AW International,350,C
185,,202.0,18,Lufthansa,350,C
186,,203.0,18,Malaysia AL,350,C
187,,204.0,18,Delta AL,350,C
188,,205.0,18,Ethiopian AL,350,C
189,,206.0,18,Cathay Pacific,350,C
190,,207.0,18,Qatar AW,350,C
191,,208.0,18,China AL,350,C
192,,209.0,18,Lufthansa,350,C
193,,210.0,18,Delta AL,350,C
194,,211.0,18,Qatar AW,350,C
195,,212.0,18,Lufthansa,350,C
196,,213.0,18,Malaysia AL,350,C
197,,214.0,19,Qatar AW,350,C
198,,215.0,19,Qatar AW,350,C
199,,216.0,18,Singapore AL,350,C
200,,217.0,18,Air China,350,C
201,,218.0,18,Asiana AL,350,C
202,,219.0,18,Iberia,350,C
203,,220.0,18,Singapore AL,350,C
204,,221.0,18,Philippine AL,350,C
205,,223.0,18,Singapore AL,350,C
206,,224.0,19,Asiana AL,350,C
207,,225.0,18,Cathay Pacific,350,C
208,,226.0,18,LATAM AL (ntu),350,
209,,227.0,18,Iberia,350,C
210,,228.0,18,Philippine AL,350,
211,,229.0,19,Qatar AW,350,C
212,,230.0,18,Singapore AL,350,C
213,,231.0,18,Air China lsd,350,C
214,,232.0,18,Singapore AL,350,C
215,,233.0,18,Cathay Pacific,350,C
216,,234.0,19,Asiana AL,350,C
217,,235.0,18,Hong Kong AL,350,STD
218,,236.0,18,Philippine AL,350,
219,,237.0,19,Qatar AW,350,C
220,,238.0,18,Singapore AL,350,C
221,,239.0,18,China AL,350,C
222,,240.0,18,Air China,350,C
223,,241.0,19,Qatar AW,350,C
224,,243.0,18,Philippine AL,350,
225,,244.0,18,Singapore AL,350,C
226,,245.0,18,LATAM AL (ntu),350,
227,,246.0,18,Hainan AL,350,STD
228,,247.0,18,Air China,350,C
229,,248.0,18,China Eastern AL,350,C
230,,249.0,19,Qatar AW,350,C
231,,250.0,18,LATAM AL,350,
232,,251.0,18,Hong Kong AL,350,
233,,252.0,18,Cathay Pacific,350,C
234,,254.0,18,Singapore AL,350,C
235,,255.0,18,Lufthansa,350,C
236,,256.0,18,Hong Kong AL,350,
237,,257.0,19,Qatar AW,350,C
238,,258.0,18,Cathay Pacific,350,C
239,,259.0,18,Ethiopian AL,350,C
240,,260.0,18,Hong Kong AL,350,
241,,261.0,18,China Eastern AL,350,C
242,,262.0,19,Cathay Pacific,350,C
243,,263.0,18,Singapore AL,350,C
244,,264.0,18,Finnair,350,C
245,,265.0,19,Qatar AW,350,
246,,266.0,19,Qatar AW,350,C
247,,267.0,18,Delta AL,350,C
248,,268.0,18,Air China,350,C
249,,269.0,18,China Eastern AL,350,C
250,,270.0,18,ITA AW,350,C
251,,271.0,19,Iberia,350,C
252,,272.0,19,China Eastern AL,350,C
253,,273.0,19,Finnair,350,C
254,,274.0,19,Virgin Atlantic AW,350,C
255,,276.0,19,Singapore AL,350,C
256,,277.0,19,Delta AL,350,C
257,,278.0,19,Singapore AL,350,C
258,,279.0,19,Vietnam AL,350,C
259,,280.0,19,Philippine AL,350,
260,,281.0,19,Sichuan AL,350,C
261,,282.0,19,Qatar AW lsd,350,
262,,283.0,22,ITA AW,350,C
263,,284.0,18,Air China,350,C
264,,285.0,19,Adhan Aircraft Leasing,350,
265,,286.0,19,Cathay Pacific,350,C
266,,287.0,19,Lufthansa,350,C
267,,289.0,19,Ethiopian AL,350,C
268,,290.0,19,Etihad AW,350,C
269,,291.0,19,China Eastern AL,350,C
270,,292.0,19,Lufthansa,350,C
271,,293.0,19,Evelop,350,C
272,,294.0,19,Singapore AL,350,C
273,,295.0,19,Air China,350,C
274,,296.0,19,Cathay Pacific,350,C
275,,297.0,19,Vietnam AL,350,C
276,,298.0,19,Virgin Atlantic AW,350,C
277,,299.0,19,Fiji AW,350,C
278,,300.0,19,Finnair,350,C
279,,301.0,19,Asiana AL,350,C
280,,302.0,19,Iberia,350,C
281,,303.0,19,Philippine AL,350,C
282,,305.0,19,Singapore AL,350,C
283,,306.0,19,Cathay Pacific,350,C
284,,307.0,19,China Eastern AL,350,C
285,,308.0,19,Adhan Aircraft Leasing,350,
286,,309.0,19,Singapore AL,350,C
287,,310.0,19,Ethiopian AL,350,C
288,,311.0,19,Air China,350,C
289,,312.0,19,Iberia,350,C
290,,313.0,19,Qatar AW lsd,350,
291,,314.0,19,Lufthansa,350,C
292,,315.0,19,Etihad AW,350,C
293,,316.0,19,Singapore AL,350,C
294,,318.0,19,China Southern AL,350,C
295,,319.0,19,Virgin Atlantic AW,350,C
296,,320.0,19,Fiji AW,350,C
297,,321.0,19,Japan AL,350,C
298,,322.0,19,Singapore AL,350,C
299,,323.0,19,ALAFCO,350,
300,,324.0,19,Cathay Pacific AL,350,C
301,,325.0,19,French Bee,350,C
302,,326.0,19,British AW,350,C
303,,327.0,19,Air Caraibes,350,C
304,,328.0,19,Singapore AL,350,C
305,,329.0,19,Singapore AL,350,C
306,,330.0,19,Etihad AW,350,C
307,,331.0,19,Air France,350,C
308,,332.0,19,Qatar AW,350,C
309,,333.0,19,Japan AL,350,C
310,,334.0,19,China Southern AL,350,C
311,,335.0,19,Asiana AL,350,C
312,,336.0,19,Virgin Atlantic AW,350,C
313,,337.0,19,Cathay Pacific AL,350,C
314,,338.0,19,ALAFCO,350,
315,,339.0,19,China Southern AL,350,C
316,,340.0,19,British AW,350,C
317,,341.0,19,Singapore AL,350,C
318,,342.0,19,Etihad AW,350,C
319,,343.0,19,Japan AL,350,C
320,,344.0,19,Singapore AL,350,C
321,,345.0,19,Ethiopian AL,350,C
322,,346.0,19,Qatar AW,350,C
323,,347.0,19,China Southern AL,350,C
324,,348.0,19,Singapore AL,350,C
325,,349.0,19,Air France,350,C
326,,350.0,19,Qatar AW,350,C
327,,351.0,19,Hainan AL,350,
328,,352.0,19,Japan AL,350,C
329,,354.0,19,South African AW lsd,350,
330,,355.0,19,Hainan AL,350,
331,,356.0,19,Qatar AW,350,C
332,,357.0,19,China Southern AL,350,C
333,,358.0,19,SAS Scandinavian AL,350,C
334,,359.0,19,Air France,350,C
335,,362.0,19,British AW,350,C
336,,363.0,19,LATAM AL,350,
337,,364.0,19,Singapore AL,350,C
338,,365.0,19,South African AW lsd,350,
339,,366.0,19,Iberia,350,C
340,,368.0,20,Qatar AW,350,C
341,,369.0,19,Singapore AL,350,C
342,,370.0,19,Japan AL,350,C
343,,371.0,19,Singapore AL,350,C
344,,372.0,20,Qatar AW,350,C
345,,373.0,19,China Eastern AL,350,C
346,,374.0,19,British AW,350,C
347,,375.0,19,Ethiopian AL,350,C
348,,376.0,19,China Southern AL,350,C
349,,378.0,20,SAS Scandinavian AL,350,C
350,,379.0,20,Singapore AL,350,C
351,,380.0,20,Cathay Pacific AL,350,C
352,,381.0,20,Air France,350,C
353,,382.0,20,Qatar AW,350,C
354,,383.0,20,Aeroflot,350,
355,,385.0,20,Singapore AL,350,C
356,,386.0,20,British AW,350,C
357,,387.0,20,Asiana AL,350,C
358,,388.0,20,Etihad AW,350,C
359,,389.0,20,Asiana AL,350,C
360,,390.0,20,Lufthansa,350,C
361,,391.0,20,SAS Scandinavian AL,350,C
362,,392.0,19,Finnair,350,C
363,,393.0,21,Cathay Pacific AL,350,C
364,,394.0,20,Singapore AL,350,C
365,,395.0,20,Delta AL,350,C
366,,396.0,20,Cathay Pacific AL,350,C
367,,397.0,20,Iberia,350,C
368,,398.0,20,China Southern AL,350,C
369,,399.0,20,Qatar AW,350,C
370,,400.0,20,Evelop AL,350,C
371,,401.0,20,Cathay Pacific AL,350,C
372,,402.0,20,British AW,350,C
373,,403.0,20,THY Turkish AL,350,C
374,,404.0,20,Delta AL,350,C
375,,405.0,20,Japan AL,350,C
376,,406.0,20,Iberia,350,C
377,,407.0,20,Air France,350,C
378,,408.0,20,China Eastern AL,350,C
379,,409.0,21,Qatar AW ntu,350,STD
380,,410.0,20,Finnair,350,C
381,,411.0,20,China Southern AL,350,C
382,,412.0,20,Ethiopian AL,350,C
383,,413.0,20,Cathay Pacific AL,350,C
384,,414.0,20,Aeroflot,350,
385,,415.0,20,Virgin Atlantic AW,350,C
386,,416.0,20,German Air Force,350,C
387,,417.0,21,China Southern AL,350,C
388,,418.0,20,SAS Scandinavian AL,350,C
389,,419.0,20,Iberia,350,C
390,,420.0,20,Qatar AW,350,C
391,,421.0,20,THY Turkish AL,350,C
392,,422.0,20,Air France,350,C
393,,423.0,20,China Eastern AL,350,C
394,,424.0,21,Cathay Pacific AL,350,C
395,,425.0,20,Asiana AL,350,C
396,,426.0,20,Virgin Atlantic AW,350,C
397,,427.0,20,Lufthansa,350,C
398,,428.0,20,Aeroflot,350,
399,,429.0,20,Aeroflot,350,
400,,430.0,21,Qatar AW ntu,350,STD
401,,431.0,20,Ethiopian AL,350,C
402,,432.0,20,British AW,350,C
403,,433.0,20,French Bee,350,C
404,,434.0,21,Cathay Pacific AL,350,C
405,,435.0,20,THY Turkish AL,350,C
406,,436.0,20,Singapore AL,350,C
407,,437.0,21,Aeroflot,350,
408,,438.0,22,Qatar AW ntu,350,STD
409,,439.0,20,Singapore AL,350,C
410,,440.0,22,Qatar AW ntu,350,STD
411,,441.0,21,Aeroflot,350,
412,,442.0,21,THY Turkish AL,350,C
413,,443.0,20,K5 Aviation,350,C
414,,444.0,22,Qatar AW ntu,350,STD
415,,445.0,20,Singapore AL,350,C
416,,446.0,20,British AW,350,C
417,,447.0,20,Singapore AL,350,C
418,,448.0,21,World2fly,350,C
419,,449.0,21,China Southern AL,350,C
420,,451.0,20,Japan AL,350,C
421,,452.0,20,China Eastern AL,350,C
422,,453.0,20,Iberia,350,C
423,,454.0,21,THY Turkish AL,350,C
424,,455.0,20,Air China,350,C
425,,457.0,21,THY Turkish AL,350,C
426,,458.0,20,Air China,350,C
427,,459.0,21,Iberia,350,C
428,,460.0,21,Singapore AL,350,C
429,,462.0,21,China Southern AL,350,C
430,,463.0,21,THY Turkish AL,350,C
431,,464.0,20,Singapore AL,350,C
432,,465.0,21,Air China,350,C
433,,466.0,22,Aeroflot,350,
434,,468.0,20,German AF,350,C
435,,469.0,21,Singapore AL,350,C
436,,470.0,21,China Eastern AL,350,C
437,,471.0,22,THY Turkish AL,350,C
438,,472.0,21,Singapore AL,350,C
439,,473.0,21,British AW,350,C
440,,474.0,21,Air China,350,C
441,,475.0,21,Singapore AL,350,C
442,,476.0,20,Japan AL,350,C
443,,478.0,21,China Southern AL,350,C
444,,479.0,21,Air France,350,C
445,,480.0,22,Starlux AL,350,C
446,,481.0,21,Air China,350,C
447,,482.0,21,Air Caraibes Atlantique,350,C
448,,483.0,21,Iberia,350,C
449,,484.0,21,SAS,350,C
450,,485.0,21,Singapore AL,350,C
451,,487.0,21,Air China,350,C
452,,488.0,21,Air France,350,C
453,,489.0,21,China Eastern AL,350,C
454,,490.0,22,British AW,350,C
455,,491.0,21,Air France,350,C
456,,492.0,21,Virgin Atlantic AW,350,C
457,,493.0,22,THY Turkish AL,350,C
458,,494.0,22,Singapore AL,350,C
459,,495.0,22,British AW,350,C
460,,496.0,22,THY Turkish AL,350,C
461,,497.0,21,Japan AL,350,C
462,,499.0,21,SAS,350,C
463,,500.0,21,Air France,350,C
464,,502.0,21,Air France,350,C
465,,503.0,22,Cathay Pacific AL,350,C
466,,504.0,22,Air China,350,C
467,,505.0,21,China Eastern AL,350,C
468,,506.0,22,China Southern AL,350,C
469,,507.0,22,Virgin Atlantic AW,350,C
470,,509.0,22,Cathay Pacific AL,350,C
471,,510.0,21,Air France,350,C
472,,512.0,22,China Southern AL,350,C
473,,516.0,21,Finnair,350,C
474,,517.0,21,Air China,350,C
475,,520.0,21,Air France,350,C
476,,524.0,21,Ethiopian AL,350,C
477,,526.0,21,German Air Force,350,C
478,,528.0,21,Air China,350,C
479,,530.0,21,Delta AL,350,C
480,,531.0,21,Japan AL,350,C
481,,533.0,21,Air Caraibes,350,C
482,,535.0,21,Japan AL,350,C
483,,536.0,21,Japan AL,350,C
484,,537.0,21,Air China,350,C
485,,538.0,21,Japan AL,350,C
486,,539.0,21,French Bee,350,C
487,,540.0,22,China Eastern AL,350,C
488,,541.0,21,Japan AL,350,C
489,,542.0,21,Ethiopian AL,350,C
490,,543.0,22,Japan AL,350,C
491,,544.0,21,Air France,350,C
492,,545.0,22,Delta AL,350,C
493,,546.0,22,Air France,350,C
494,,547.0,22,British AW,350,C
495,,548.0,22,Air France,350,C
496,,549.0,22,Iberia,350,C
497,,550.0,21,Sichuan AL,350,C
498,,551.0,22,Air France,350,C
499,,552.0,22,Japan AL,350,C
500,,556.0,22,Iberia,350,
501,,557.0,22,Starlux AL,350,
502,,559.0,22,World2fly,350,C
503,,560.0,22,French Bee,350,C
504,,561.0,22,China Eastern AL,350,
505,,562.0,22,Air France,350,C
506,,563.0,22,British AW,350,C
507,,564.0,22,Singapore AL,350,C
508,,565.0,22,THY Turkish AL,350,C
509,,567.0,22,Iberia,350,C
510,,568.0,22,China Southern AL,350,
511,,569.0,22,Singapore AL,350,C
512,,570.0,22,Air China,350,
513,,571.0,22,Sichuan AL,350,
514,,573.0,22,China Eastern AL,350,
515,,574.0,22,Air China,350,
516,,576.0,22,Air France,350,C
517,,577.0,22,China Eastern AL,350,
518,,578.0,22,Air France,350,C
519,,579.0,22,Iberia,350,C
520,,580.0,22,Delta AL,350,C
521,,582.0,22,Ethiopian AL,350,C
522,,583.0,22,China Southern AL,350,C
523,,584.0,22,Cathay Pacific AL,350,
524,,587.0,22,Air China,350,
525,,588.0,22,Delta AL,350,
526,,600.0,22,Air Caraibes (?),350,
0,,5.0,6,Singapore AL,380,
1,,6.0,6,Singapore AL,380,
2,,8.0,7,Singapore AL,380,
3,,10.0,7,Singapore AL,380,
4,,11.0,7,Emirates AL,380,SCR
5,,12.0,8,Singapore AL,380,C
6,,13.0,8,Emirates AL,380,SCR
7,,14.0,8,Qantas lsd,380,STD
8,,15.0,8,Qantas,380,C
9,,16.0,8,Emirates AL,380,C
10,,17.0,8,Emirates AL,380,C
11,,19.0,8,Singapore AL,380,SCR
12,,20.0,8,Emirates AL,380,C
13,,21.0,8,Singapore AL,380,SCR
14,,22.0,8,Qantas lsd,380,STD
15,,23.0,9,Emirates AL,380,C
16,,25.0,9,Emirates AL,380,C
17,,26.0,8,Qantas lsd,380,C
18,,27.0,9,Qantas lsd,380,STD
19,,28.0,9,Emirates AL,380,C
20,,29.0,9,Qantas lsd,380,STD
21,,30.0,10,Emirates AL,380,C
22,,31.0,11,China Southern AL,380,
23,,33.0,9,Air France lsd,380,STD
24,,34.0,9,Singapore AL,380,C
25,,35.0,10,Korean AL,380,C
26,,36.0,11,China Southern AL,380,
27,,38.0,9,Lufthansa,380,STD
28,,39.0,11,Korean AL,380,C
29,,40.0,9,Air France,380,SCR
30,,41.0,10,Lufthansa,380,STD
31,,42.0,10,Emirates AL,380,C
32,,43.0,9,Air France,380,STD
33,,44.0,10,Lufthansa,380,STD
34,,45.0,9,Singapore AL,380,C
35,,46.0,10,Emirates AL,380,C
36,,47.0,9,Qantas,380,STD
37,,48.0,10,Lufthansa,380,STD
38,,49.0,10,Air France,380,STD
39,,50.0,9,Qantas lsd,380,C
40,,51.0,9,Singapore AL,380,C
41,,52.0,10,Air France,380,STD
42,,54.0,11,China Southern AL,380,C
43,,55.0,10,Qantas,380,STD
44,,56.0,10,Emirates AL,380,C
45,,57.0,10,Emirates AL,380,C
46,,58.0,10,Singapore AL,380,C
47,,59.0,11,Korean AL,380,C
48,,61.0,10,Lufthansa,380,STD
49,,62.0,10,Qantas,380,C
50,,63.0,11,Qantas,380,C
51,,64.0,10,Air France lsd,380,STD
52,,65.0,10,Singapore AL,380,C
53,,66.0,10,Lufthansa,380,STD
54,,67.0,11,Air France lsd,380,STD
55,,68.0,11,Korean AL,380,C
56,,69.0,10,Lufthansa,380,STD
57,,70.0,10,Lufthansa,380,STD
58,,71.0,10,Singapore AL,380,C
59,,72.0,11,Lufthansa,380,STD
60,,73.0,11,Lufthansa,380,STD
61,,74.0,11,Qantas,380,STD
62,,75.0,11,Korean AL,380,C
63,,76.0,11,Singapore AL,380,C
64,,77.0,11,Emirates AL,380,C
65,,78.0,11,Malaysian AL,380,STD
66,,79.0,11,Singapore AL,380,C
67,,80.0,11,Emirates AL,380,C
68,,81.0,12,Malaysian AL,380,STD
69,,82.0,11,Singapore AL,380,C
70,,83.0,11,Emirates AL,380,C
71,,84.0,12,Malaysian AL,380,STD
72,,85.0,11,Singapore AL,380,C
73,,86.0,11,Emirates AL,380,C
74,,87.0,12,Thai AW,380,STD
75,,88.0,12,China Southern AL,380,C
76,,89.0,12,Malaysian AL,380,STD
77,,90.0,11,Emirates AL,380,C
78,,92.0,12,Singapore AL,380,C
79,,93.0,12,Thai AW,380,STD
80,,94.0,12,Malaysian AL,380,STD
81,,95.0,12,British AW,380,C
82,,96.0,12,Korean AL,380,C
83,,98.0,11,Emirates AL,380,C
84,,99.0,11,Air France lsd,380,STD
85,,100.0,12,Thai AW,380,STD
86,,101.0,11,Emirates AL,380,C
87,,103.0,12,Emirates AL,380,C
88,,105.0,12,Emirates AL,380,C
89,,106.0,12,Emirates AL,380,C
90,,107.0,12,Emirates AL,380,C
91,,108.0,12,Emirates AL,380,C
92,,109.0,12,Emirates AL,380,C
93,,110.0,12,Emirates AL,380,C
94,,111.0,12,Emirates AL,380,C
95,,112.0,12,Emirates AL,380,C
96,,113.0,12,Emirates AL,380,C
97,,114.0,12,Malaysian AL,380,STD
98,,115.0,13,Air France,380,STD
99,,116.0,12,Emirates AL,380,C
100,,117.0,14,Air France,380,STD
101,,119.0,13,Emirates AL,380,C
102,,120.0,12,China Southern AL,380,C
103,,121.0,13,British AW,380,C
104,,122.0,12,Thai AW,380,STD
105,,123.0,13,Emirates AL,380,C
106,,124.0,13,British AW,380,C
107,,125.0,13,Thai AW,380,STD
108,,126.0,13,Korean AL,380,C
109,,127.0,13,Emirates AL,380,C
110,,128.0,13,Korean AL,380,C
111,,130.0,14,Korean AL,380,C
112,,131.0,13,Thai AW,380,STD
113,,132.0,13,Emirates AL,380,C
114,,133.0,13,Emirates AL,380,C
115,,134.0,13,Emirates AL,380,C
116,,135.0,13,Emirates AL,380,C
117,,136.0,13,Emirates AL,380,C
118,,137.0,13,Qatar AW,380,C
119,,138.0,13,Emirates AL,380,C
120,,139.0,13,Emirates AL,380,C
121,,140.0,13,Emirates AL,380,C
122,,141.0,13,Emirates AL,380,C
123,,142.0,13,Emirates AL,380,C
124,,143.0,13,Qatar AW,380,C
125,,144.0,13,British AW,380,C
126,,145.0,14,Qatar AW,380,C
127,,146.0,13,Lufthansa,380,STD
128,,147.0,13,Emirates AL,380,C
129,,148.0,13,British AW,380,C
130,,149.0,13,Lufthansa,380,STD
131,,150.0,13,Emirates AL,380,C
132,,151.0,14,British AW,380,C
133,,152.0,13,Asiana AL,380,C
134,,153.0,14,Emirates AL,380,C
135,,154.0,14,Emirates AL,380,C
136,,155.0,14,Asiana AL,380,C
137,,156.0,14,Korean AL,380,C
138,,157.0,14,Emirates AL lsd,380,C
139,,158.0,14,Emirates AL,380,C
140,,159.0,14,Emirates AL,380,C
141,,160.0,14,Qatar AW,380,C
142,,161.0,14,British AW,380,C
143,,162.0,14,Emirates AL,380,C
144,,163.0,14,British AW,380,C
145,,164.0,14,Emirates AL lsd,380,C
146,,165.0,14,Emirates AL,380,C
147,,166.0,14,Etihad AW,380,STD
148,,167.0,17,Emirates AL,380,C
149,,168.0,14,Emirates AL,380,C
150,,169.0,14,Emirates AL,380,C
151,,170.0,14,Etihad AW,380,STD
152,,171.0,14,Emirates AL,380,C
153,,172.0,14,Emirates AL,380,C
154,,173.0,14,British AW,380,C
155,,174.0,14,Emirates AL,380,C
156,,175.0,14,Lufthansa,380,STD
157,,176.0,14,Etihad AW,380,STD
158,,177.0,14,Lufthansa,380,STD
159,,178.0,14,Emirates AL,380,C
160,,179.0,14,Asiana AL,380,C
161,,180.0,15,Etihad AW,380,STD
162,,181.0,15,Qatar AW,380,C
163,,182.0,15,Emirates AL,380,C
164,,183.0,15,Asiana AL,380,C
165,,184.0,15,Emirates AL,380,C
166,,186.0,15,Emirates AL,380,C
167,,187.0,15,Emirates AL,380,C
168,,188.0,15,Emirates AL,380,C
169,,189.0,15,Qatar AW,380,C
170,,190.0,15,Emirates AL,380,C
171,,191.0,15,Etihad AW,380,STD
172,,192.0,15,British AW,380,C
173,,193.0,16,Qatar AW,380,C
174,,194.0,15,British AW,380,C
175,,195.0,15,Etihad AW,380,STD
176,,197.0,16,Qatar AW,380,C
177,,198.0,15,Etihad AW,380,STD
178,,199.0,15,Etihad AW,380,STD
179,,200.0,15,Emirates AL,380,C
180,,201.0,15,Emirates AL,380,C
181,,202.0,15,Emirates AL,380,C
182,,203.0,15,Emirates AL,380,C
183,,204.0,15,Emirates AL,380,C
184,,205.0,15,Emirates AL,380,C
185,,206.0,15,Emirates AL,380,C
186,,207.0,15,Emirates AL,380,C
187,,208.0,15,Emirates AL,380,C
188,,209.0,15,Emirates AL,380,C
189,,210.0,16,Emirates AL,380,C
190,,211.0,16,Emirates AL,380,C
191,,213.0,16,Emirates AL,380,C
192,,214.0,16,Emirates AL,380,C
193,,215.0,16,British AW,380,C
194,,216.0,16,Emirates AL,380,C
195,,217.0,16,Emirates AL,380,C
196,,218.0,16,Emirates AL,380,C
197,,219.0,16,Emirates AL,380,C
198,,220.0,16,Emirates AL,380,C
199,,221.0,16,Emirates AL,380,C
200,,222.0,16,Emirates AL,380,C
201,,223.0,16,Emirates AL,380,C
202,,224.0,16,Emirates AL,380,C
203,,225.0,16,Emirates AL,380,C
204,,226.0,16,Emirates AL,380,C
205,,227.0,16,Emirates AL,380,C
206,,228.0,16,Emirates AL,380,C
207,,229.0,16,Emirates AL,380,C
208,,230.0,16,Asiana AL,380,C
209,,231.0,16,Asiana AL,380,C
210,,232.0,16,Emirates AL,380,C
211,,233.0,16,Etihad AW,380,STD
212,,234.0,17,Emirates AL,380,C
213,,235.0,17,Qatar AW,380,C
214,,236.0,17,Emirates AL,380,C
215,,237.0,17,Etihad AW,380,STD
216,,238.0,17,Emirates AL,380,C
217,,239.0,17,Emirates AL,380,C
218,,240.0,17,Emirates AL,380,C
219,,241.0,17,Emirates AL,380,C
220,,242.0,17,Emirates AL,380,C
221,,243.0,17,Singapore AL,380,C
222,,244.0,17,Emirates AL,380,C
223,,247.0,17,Singapore AL,380,C
224,,248.0,18,Emirates AL,380,C
225,,249.0,18,Emirates AL,380,C
226,,250.0,18,Emirates AL,380,C
227,,251.0,17,Singapore AL,380,C
228,,252.0,18,Emirates AL,380,C
229,,253.0,18,Singapore AL,380,C
230,,254.0,17,Qatar AW,380,C
231,,255.0,18,Singapore AL,380,C
232,,256.0,18,Emirates AL,380,C
233,,257.0,18,Emirates AL,380,C
234,,258.0,19,Emirates AL,380,C
235,,259.0,19,Emirates AL,380,C
236,,260.0,19,Emirates AL,380,C
237,,261.0,19,Emirates AL,380,C
238,,262.0,18,All Nippon AW,380,C
239,,263.0,18,All Nippon AW,380,C
240,,264.0,19,Emirates AL,380,C
241,,266.0,19,All Nippon AW,380,C
242,,267.0,20,Emirates AL,380,C
243,,268.0,20,Emirates AL,380,C
244,,269.0,20,Emirates AL,380,C
245,,270.0,20,Emirates AL,380,C
246,,271.0,21,Emirates AL,380,C
247,,272.0,21,Emirates AL,380,C
